Access Listing,Active Constraints,All Constraints,All Position,Angles,Articulation,Available Times,Axes Choose Axes,Azimuth Elevation Mask,Body Axes Orientation,Body Axes Orientation:YPR 123,Body Axes Orientation:YPR 132,Body Axes Orientation:YPR 213,Body Axes Orientation:YPR 231,Body Axes Orientation:YPR 312,Body Axes Orientation:YPR 321,Cartesian Position,Collection of Interval Lists,Condition,Condition Set,Configured Constraints,Crdn Available Times,Data Provider Detail,Data Provider Summary,DeckAccess,DeckAccess Data,Eclipse Definition,Eclipse Times,Interval,Interval List,LLA State,LLR State,LaserCAT Clear Firing,LaserCAT General Information,LaserCAT Potential Victim,LaserCAT Status Information,Lighting AER,Lighting Times,LineOfSight Info,Model Area,Model LOD 0 Articulations,Model LOD 1 Articulations,Parameter Set: Attitude,Parameter Set: Cartographic Trajectory,Parameter Set: Orbit,Parameter Set: Trajectory,Parameter Set: Vector,Planes Choose System,Planes(Fixed),Planes(ICRF),Planes(Inertial),Planes(J2000),Points Choose Plane,Points Choose System,Points(Fixed),Points(ICRF),Points(Inertial),Points(J2000),RFI General Information,RFI Potential Victim,Scalar Calculations,Solar Intensity,Terrain Info,Time Array,Time Instant,User Supplied Data,Vector Choose Axes,Vector Choose Plane,Vectors(Body),Vectors(Fixed),Vectors(ICRF),Vectors(Inertial),Vectors(J2000)
Sort By Access Name > Access Name,Constraint,Constraint,Cartesian-x,SunAzimuth > Time,Time,Start Time,Body > Time,Point Number,Body > Time,Body > Time,Body > Time,Body > Time,Body > Time,Body > Time,Body > Time,x,LightingIntervals > Interval Number,AfterStart > Time,HoursAfterStart > Time,Constraint,Start Time,Info,Info,Start Time,Access Interval > Start Time,Eclipse Bodies,Start Time,Interval,Interval List,Lat,Lat,Start Clear,General Information,SSC Number,Failed Propagation List,Time,Sunlight > Start Time,Ellipsoid x,Time,Time,Time,Attitude(Fixed) > Time,Trajectory(Cartographic) > Time,Parameter Set: Orbit,Trajectory(CBF) > Time,Parameter Set: Vector,Planes Choose System,Planes(Fixed),Planes(ICRF),Planes(Inertial),Planes(J2000),Center > Time,Center > Time,Center > Time,Center > Time,Center > Time,Center > Time,General Information,SSC Number,ElapsedTimeFromStart > Time,Time,LocalHorizontal > Normal x,OneMinuteSampleTimes > Times,Time Instant,Time,East > Time,East > Time,East > Time,East > Time,East > Time,East > Time,East > Time
Sort By Access Name > Base Name,Value,Display Name,Cartesian-y,SunAzimuth > Angle,Duration,Stop Time,Body > YPR321 yaw,Azimuth,Body > YPR321 yaw,Body > Yaw,Body > Yaw,Body > Yaw,Body > Yaw,Body > Yaw,Body > Yaw,y,LightingIntervals > Start Time,AfterStart > Condition,HoursAfterStart > below_Hour_0,Display Name,Stop Time,,,Stop Time,Access Interval > Stop Time,,Stop Time,,,Lon,Lon,Stop Clear,,Time In,Missing TLE List,Azimuth,Sunlight > Stop Time,Ellipsoid y,Area,Facility-MoveX,Facility-MoveX,Attitude(Fixed) > Quaternion.Q1,Trajectory(Cartographic) > Cartesian.X,,Trajectory(CBF) > Cartesian.X,,,,,,,Center > 1-Axis Component,Center > x,Center > x,Center > x,Center > x,Center > x,,Time In,ElapsedTimeFromStart > Scalar,Intensity,LocalHorizontal > Normal y,OneMinuteSampleTimes > Graph End Times,,,East > x,East > 1-Axis Component,East > x,East > x,East > x,East > x,East > x
Sort By Access Name > Base ClassName,Display Name,Type,Cartesian-z,SunAzimuth > AngleRate,DeadbandDuration,,Body > YPR321 pitch,Elevation,Body > YPR321 pitch,Body > Pitch,Body > Pitch,Body > Pitch,Body > Pitch,Body > Pitch,Body > Pitch,z,LightingIntervals > Stop Time,BeforeStop > Time,HoursAfterStart > Hour_0_to_Hour_1,Enabled,,,,Name,Access Interval > Name,,Duration,,,Alt,Rad,Duration,,Time Out,Geometric Filter List,Elevation,Sunlight > Duration,Ellipsoid z,,Facility-MoveY,Facility-MoveY,Attitude(Fixed) > Quaternion.Q1 Rate,Trajectory(Cartographic) > Cartesian.X Rate,,Trajectory(CBF) > Cartesian.X Rate,,,,,,,Center > 2-Axis Component,Center > y,Center > y,Center > y,Center > y,Center > y,,Time Out,ElapsedTimeFromStart > Scalar Rate,Percent Shadow,LocalHorizontal > Normal z,,,,East > y,East > 2-Axis Component,East > y,East > y,East > y,East > y,East > y
Sort By Access Name > Base Path,From Linked Object,Dimension,Geodetic-Lat,SunZenithDistance > Time,AccelDuration,,Body > YPR321 roll,,Body > YPR321 roll,Body > Roll,Body > Roll,Body > Roll,Body > Roll,Body > Roll,Body > Roll,,LightingIntervals > Duration,BeforeStop > Condition,HoursAfterStart > Hour_1_to_Hour_2,From Linked Object,,,,Duration,Access Interval > Duration,,Obstruction,,,Alt AGL,,,,Duration,Out Of Date List,Range,Sunlight > Obstruction,Difference in Ellipsoid x,,Facility-MoveZ,Facility-MoveZ,Attitude(Fixed) > Quaternion.Q2,Trajectory(Cartographic) > Cartesian.Y,,Trajectory(CBF) > Cartesian.Y,,,,,,,Center > Distance,Center > z,Center > z,Center > z,Center > z,Center > z,,Duration,ElapsedTimeFromStop > Time,Apparent Solar Elevation,LocalHorizontal > Slope,,,,East > z,East > Magnitude,East > z,East > z,East > z,East > z,East > z
Sort By Access Name > Target Name,Dimension,Units for Min/Max,Geodetic-Lon,SunZenithDistance > Angle,DecelDuration,,Body > Euler321 precession,,Body > Euler321 precession,Body > Euler321 precession,Body > Euler321 precession,Body > Euler321 precession,Body > Euler321 precession,Body > Euler321 precession,Body > Euler321 precession,,,,HoursAfterStart > Hour_2_to_Hour_3,Type,,,,Common Name,Access Interval > Common Name,,Current Condition,,,Ground Alt,,,,Frequency,,,Penumbra > Start Time,Difference in Ellipsoid y,,Facility-Yaw,Facility-Yaw,Attitude(Fixed) > Quaternion.Q2 Rate,Trajectory(Cartographic) > Cartesian.Y Rate,,Trajectory(CBF) > Cartesian.Y Rate,,,,,,,Center > Direction Angle,Center > Magnitude,Center > Magnitude,Center > Magnitude,Center > Magnitude,Center > Magnitude,,Frequency,ElapsedTimeFromStop > Scalar,Solar Grazing Angle,LocalHorizontal > Azimuth,,,,East > Magnitude,East > Direction Angle,East > Magnitude,East > Magnitude,East > Magnitude,East > Magnitude,East > Magnitude
Sort By Access Name > Target ClassName,Units for Min/Max,Min,Geodetic-Alt,SunZenithDistance > AngleRate,DutyCycleDelta,,Body > Euler321 nutation,,Body > Euler321 nutation,Body > Euler321 nutation,Body > Euler321 nutation,Body > Euler321 nutation,Body > Euler321 nutation,Body > Euler321 nutation,Body > Euler321 nutation,,,,HoursAfterStart > Hour_3_to_Hour_4,Dimension,,,,,Start Time LocalHorizontal Geometry > Time,,Worst Condition,,,Terrain Alt,,,,Bandwidth,,,Penumbra > Stop Time,Difference in Ellipsoid z,,Facility-Pitch,Facility-Pitch,Attitude(Fixed) > Quaternion.Q3,Trajectory(Cartographic) > Cartesian.Z,,Trajectory(CBF) > Cartesian.Z,,,,,,,Center > Velocity 1-Axis Component,Center > x/Magnitude,Center > x/Magnitude,Center > x/Magnitude,Center > x/Magnitude,Center > x/Magnitude,,Bandwidth,ElapsedTimeFromStop > Scalar Rate,Solar Disk Half Angle,Topocentric > Normal x,,,,East > x/Magnitude,East > Derivative 1-Axis Component,East > x/Magnitude,East > x/Magnitude,East > x/Magnitude,East > x/Magnitude,East > x/Magnitude
Sort By Access Name > Target Path,Min,Max,Geocentric-Lat,,Period,,Body > Euler321 spin,,Body > Euler321 spin,Body > Euler321 spin,Body > Euler321 spin,Body > Euler321 spin,Body > Euler321 spin,Body > Euler321 spin,Body > Euler321 spin,,,,HoursAfterStart > Hour_4_to_Hour_5,Units for Min/Max,,,,,Start Time LocalHorizontal Geometry > Azimuth,,Total Duration,,,Alt MSL,,,,Common Name,,,Penumbra > Duration,ScaleFactor x,,Facility-Roll,Facility-Roll,Attitude(Fixed) > Quaternion.Q3 Rate,Trajectory(Cartographic) > Cartesian.Z Rate,,Trajectory(CBF) > Cartesian.Z Rate,,,,,,,Center > Velocity 2-Axis Component,Center > y/Magnitude,Center > y/Magnitude,Center > y/Magnitude,Center > y/Magnitude,Center > y/Magnitude,,Common Name,,Apparent Solar Range,Topocentric > Normal y,,,,East > y/Magnitude,East > Derivative 2-Axis Component,East > y/Magnitude,East > y/Magnitude,East > y/Magnitude,East > y/Magnitude,East > y/Magnitude
Sort By Access Name > Light Time Delay,Max,Value,Geocentric-Lon,,Articulation,,Body > Euler323 precession,,Body > Euler323 precession,Body > Euler323 precession,Body > Euler323 precession,Body > Euler323 precession,Body > Euler323 precession,Body > Euler323 precession,Body > Euler323 precession,,,,HoursAfterStart > Hour_5_to_Hour_6,Min,,,,,Start Time LocalHorizontal Geometry > Elevation,,,,,Ground Alt MSL,,,,Name,,,Penumbra > Obstruction,ScaleFactor y,,Facility-Size,Facility-Size,Attitude(Fixed) > Quaternion.Q4,Trajectory(Cartographic) > Cartesian.Radius,,Trajectory(CBF) > Cartesian.Radius,,,,,,,Center > Speed,Center > z/Magnitude,Center > z/Magnitude,Center > z/Magnitude,Center > z/Magnitude,Center > z/Magnitude,,Name,,,Topocentric > Normal z,,,,East > z/Magnitude,East > Derivative Magnitude,East > z/Magnitude,East > z/Magnitude,East > z/Magnitude,East > z/Magnitude,East > z/Magnitude
Sort By Access Name > ClockHost,Data Value with Units,Value with Units,Geocentric-Alt,,Transformation,,Body > Euler323 nutation,,Body > Euler323 nutation,Body > Euler323 nutation,Body > Euler323 nutation,Body > Euler323 nutation,Body > Euler323 nutation,Body > Euler323 nutation,Body > Euler323 nutation,,,,HoursAfterStart > Hour_6_to_Hour_7,Max,,,,,Start Time LocalHorizontal Geometry > Range,,,,,UTM Zone,,,,,,,Umbra > Start Time,ScaleFactor z,,,,Attitude(Fixed) > Quaternion.Q4 Rate,Trajectory(Cartographic) > Cartesian.Radius Rate,,Trajectory(CBF) > Cartesian.Radius Rate,,,,,,,Center > Heading Angle,Center > RightAscension,Center > RightAscension,Center > RightAscension,Center > RightAscension,Center > RightAscension,,,,,Topocentric > Slope,,,,East > RightAscension,East > Derivative Direction Angle,East > RightAscension,East > RightAscension,East > RightAscension,East > RightAscension,East > RightAscension
Sort By Access Name > Signal Sense,Value with Units,To Classes,Spherical-Lat,,StartValue,,Body > Euler323 spin,,Body > Euler323 spin,Body > Euler323 spin,Body > Euler323 spin,Body > Euler323 spin,Body > Euler323 spin,Body > Euler323 spin,Body > Euler323 spin,,,,HoursAfterStart > Hour_7_to_Hour_8,Value with Units,,,,,Start Time LocalHorizontal Geometry > Range Rate,,,,,UTM Easting,,,,,,,Umbra > Stop Time,ScaleFactor-1.0 x,,,,Attitude(Fixed) > Euler.121.A,Trajectory(Cartographic) > Detic.LLA.Latitude,,Trajectory(CBF) > Spherical.Azimuth,,,,,,,GeoBeltEasternLimit > Time,Center > Declination,Center > Declination,Center > Declination,Center > Declination,Center > Declination,,,,,Topocentric > Azimuth,,,,East > Declination,MagField(IGRF) > Time,East > Declination,East > Declination,East > Declination,East > Declination,East > Declination
Sort By Access Name > Aberration Type,Action,Action,Spherical-Lon,,EndValue,,Body > q1,,Body > q1,Body > q1,Body > q1,Body > q1,Body > q1,Body > q1,Body > q1,,,,HoursAfterStart > Hour_8_to_Hour_9,Action,,,,,Start Time LocalHorizontal Geometry > Azimuth Rate,,,,,UTM Northing,,,,,,,Umbra > Duration,ScaleFactor-1.0 y,,,,Attitude(Fixed) > Euler.121.A Rate,Trajectory(Cartographic) > Detic.LLA.Latitude Rate,,Trajectory(CBF) > Spherical.Azimuth Rate,,,,,,,GeoBeltEasternLimit > 1-Axis Component,Center > Co-Declination,Center > Co-Declination,Center > Co-Declination,Center > Co-Declination,Center > Co-Declination,,,,,CBF > Normal x,,,,East > Co-Declination,MagField(IGRF) > 1-Axis Component,East > Co-Declination,East > Co-Declination,East > Co-Declination,East > Co-Declination,East > Co-Declination
Sort By Access Name > Save Computed Data,Max Time Step,Computational Weight,Spherical-Rad,,,,Body > q2,,Body > q2,Body > q2,Body > q2,Body > q2,Body > q2,Body > q2,Body > q2,,,,HoursAfterStart > Hour_9_to_Hour_10,Max Time Step,,,,,Start Time LocalHorizontal Geometry > Elevation Rate,,,,,MGRS Cell,,,,,,,Umbra > Obstruction,ScaleFactor-1.0 z,,,,Attitude(Fixed) > Euler.121.B,Trajectory(Cartographic) > Detic.LLA.Longitude,,Trajectory(CBF) > Spherical.Elevation,,,,,,,GeoBeltEasternLimit > 2-Axis Component,Center > NegativeDeclination,Center > NegativeDeclination,Center > NegativeDeclination,Center > NegativeDeclination,Center > NegativeDeclination,,,,,CBF > Normal y,,,,East > NegativeDeclination,MagField(IGRF) > 2-Axis Component,East > NegativeDeclination,East > NegativeDeclination,East > NegativeDeclination,East > NegativeDeclination,East > NegativeDeclination
Sort By Access Name > Time Convergence,Max Relative Motion,Max Time Step,Cylindrical-R,,,,Body > q3,,Body > q3,Body > q3,Body > q3,Body > q3,Body > q3,Body > q3,Body > q3,,,,HoursAfterStart > Hour_10_to_Hour_11,Max Relative Motion,,,,,Start Time LocalHorizontal Geometry > Relative Velocity,,,,,,,,,,,,,,,,,Attitude(Fixed) > Euler.121.B Rate,Trajectory(Cartographic) > Detic.LLA.Longitude Rate,,Trajectory(CBF) > Spherical.Elevation Rate,,,,,,,GeoBeltEasternLimit > Distance,Center > Detic Latitude,Center > Detic Latitude,Center > Detic Latitude,Center > Detic Latitude,Center > Detic Latitude,,,,,CBF > Normal z,,,,East > DirectionAngle x,MagField(IGRF) > Magnitude,East > DirectionAngle x,East > DirectionAngle x,East > DirectionAngle x,East > DirectionAngle x,East > DirectionAngle x
Sort By Access Name > Min Step,To Classes,Max Relative Motion,Cylindrical-Lon,,,,Body > q4,,Body > q4,Body > q4,Body > q4,Body > q4,Body > q4,Body > q4,Body > q4,,,,HoursAfterStart > Hour_11_above,To Classes,,,,,Start Time LocalHorizontal Geometry > Horizontal Relative Velocity,,,,,,,,,,,,,,,,,Attitude(Fixed) > Euler.121.C,Trajectory(Cartographic) > Detic.LLA.Altitude,,Trajectory(CBF) > Spherical.CoElevation,,,,,,,GeoBeltEasternLimit > Direction Angle,Center > Detic Longitude,Center > Detic Longitude,Center > Detic Longitude,Center > Detic Longitude,Center > Detic Longitude,,,,,CBF > Slope,,,,East > DirectionAngle y,MagField(IGRF) > Direction Angle,East > DirectionAngle y,East > DirectionAngle y,East > DirectionAngle y,East > DirectionAngle y,East > DirectionAngle y
Sort By Access Name > Max Step,,,Cylindrical-Z,,,,Body > wx,,Body > wx,Body > wx,Body > wx,Body > wx,Body > wx,Body > wx,Body > wx,,,,HoursBeforeStop > Time,,,,,,Stop Time LocalHorizontal Geometry > Time,,,,,,,,,,,,,,,,,Attitude(Fixed) > Euler.121.C Rate,Trajectory(Cartographic) > Detic.LLA.Altitude Rate,,Trajectory(CBF) > Spherical.CoElevation Rate,,,,,,,GeoBeltEasternLimit > Velocity 1-Axis Component,Center > Detic Altitude,Center > Detic Altitude,Center > Detic Altitude,Center > Detic Altitude,Center > Detic Altitude,,,,,CBF > Azimuth,,,,East > DirectionAngle z,MagField(IGRF) > Derivative 1-Axis Component,East > DirectionAngle z,East > DirectionAngle z,East > DirectionAngle z,East > DirectionAngle z,East > DirectionAngle z
Sort By Base Name > Access Name,,,Alt AGL,,,,Body > wy,,Body > wy,Body > wy,Body > wy,Body > wy,Body > wy,Body > wy,Body > wy,,,,HoursBeforeStop > below_Hour_11,,,,,,Stop Time LocalHorizontal Geometry > Azimuth,,,,,,,,,,,,,,,,,Attitude(Fixed) > Euler.123.A,Trajectory(Cartographic) > Detic.SurfaceNormal.X,,Trajectory(CBF) > Spherical.Radius,,,,,,,GeoBeltEasternLimit > Velocity 2-Axis Component,Center > DirectionAngle x,Center > DirectionAngle x,Center > DirectionAngle x,Center > DirectionAngle x,Center > DirectionAngle x,,,,,,,,,East > Derivative x,MagField(IGRF) > Derivative 2-Axis Component,East > Derivative x,East > Derivative x,East > Derivative x,East > Derivative x,East > Derivative x
Sort By Base Name > Base Name,,,Ground Alt,,,,Body > wz,,Body > wz,Body > wz,Body > wz,Body > wz,Body > wz,Body > wz,Body > wz,,,,HoursBeforeStop > Hour_11_to_Hour_10,,,,,,Stop Time LocalHorizontal Geometry > Elevation,,,,,,,,,,,,,,,,,Attitude(Fixed) > Euler.123.A Rate,Trajectory(Cartographic) > Detic.SurfaceNormal.X Rate,,Trajectory(CBF) > Spherical.Radius Rate,,,,,,,GeoBeltEasternLimit > Speed,Center > DirectionAngle y,Center > DirectionAngle y,Center > DirectionAngle y,Center > DirectionAngle y,Center > DirectionAngle y,,,,,,,,,East > Derivative y,MagField(IGRF) > Derivative Magnitude,East > Derivative y,East > Derivative y,East > Derivative y,East > Derivative y,East > Derivative y
Sort By Base Name > Base ClassName,,,Terrain Alt,,,,Body > w mag,,Body > w mag,Body > w mag,Body > w mag,Body > w mag,Body > w mag,Body > w mag,Body > w mag,,,,HoursBeforeStop > Hour_10_to_Hour_9,,,,,,Stop Time LocalHorizontal Geometry > Range,,,,,,,,,,,,,,,,,Attitude(Fixed) > Euler.123.B,Trajectory(Cartographic) > Detic.SurfaceNormal.Y,,Trajectory(CBF) > Cylindrical.Azimuth,,,,,,,GeoBeltEasternLimit > Heading Angle,Center > DirectionAngle z,Center > DirectionAngle z,Center > DirectionAngle z,Center > DirectionAngle z,Center > DirectionAngle z,,,,,,,,,East > Derivative z,MagField(IGRF) > Derivative Direction Angle,East > Derivative z,East > Derivative z,East > Derivative z,East > Derivative z,East > Derivative z
Sort By Base Name > Base Path,,,Alt MSL,,,,Body > RightAscension of w,,Body > RightAscension of w,Body > RightAscension of w,Body > RightAscension of w,Body > RightAscension of w,Body > RightAscension of w,Body > RightAscension of w,Body > RightAscension of w,,,,HoursBeforeStop > Hour_9_to_Hour_8,,,,,,Stop Time LocalHorizontal Geometry > Range Rate,,,,,,,,,,,,,,,,,Attitude(Fixed) > Euler.123.B Rate,Trajectory(Cartographic) > Detic.SurfaceNormal.Y Rate,,Trajectory(CBF) > Cylindrical.Azimuth Rate,,,,,,,GeoBeltWesternLimit > Time,Center > Velocity x,Center > Velocity x,Center > Velocity x,Center > Velocity x,Center > Velocity x,,,,,,,,,East > Derivative Magnitude,MagField(WMM) > Time,East > Derivative Magnitude,East > Derivative Magnitude,East > Derivative Magnitude,East > Derivative Magnitude,East > Derivative Magnitude
Sort By Base Name > Target Name,,,Ground Alt MSL,,,,Body > Declination of w,,Body > Declination of w,Body > Declination of w,Body > Declination of w,Body > Declination of w,Body > Declination of w,Body > Declination of w,Body > Declination of w,,,,HoursBeforeStop > Hour_8_to_Hour_7,,,,,,Stop Time LocalHorizontal Geometry > Azimuth Rate,,,,,,,,,,,,,,,,,Attitude(Fixed) > Euler.123.C,Trajectory(Cartographic) > Detic.SurfaceNormal.Z,,Trajectory(CBF) > Cylindrical.Height,,,,,,,GeoBeltWesternLimit > 1-Axis Component,Center > Velocity y,Center > Velocity y,Center > Velocity y,Center > Velocity y,Center > Velocity y,,,,,,,,,East > MagnitudeRate,MagField(WMM) > 1-Axis Component,East > MagnitudeRate,East > MagnitudeRate,East > MagnitudeRate,East > MagnitudeRate,East > MagnitudeRate
Sort By Base Name > Target ClassName,,,UTM Zone,,,,Body > Eigen-Angle,,Body > Eigen-Angle,Body > Eigen-Angle,Body > Eigen-Angle,Body > Eigen-Angle,Body > Eigen-Angle,Body > Eigen-Angle,Body > Eigen-Angle,,,,HoursBeforeStop > Hour_7_to_Hour_6,,,,,,Stop Time LocalHorizontal Geometry > Elevation Rate,,,,,,,,,,,,,,,,,Attitude(Fixed) > Euler.123.C Rate,Trajectory(Cartographic) > Detic.SurfaceNormal.Z Rate,,Trajectory(CBF) > Cylindrical.Height Rate,,,,,,,GeoBeltWesternLimit > 2-Axis Component,Center > Velocity z,Center > Velocity z,Center > Velocity z,Center > Velocity z,Center > Velocity z,,,,,,,,,East > TransverseRate,MagField(WMM) > 2-Axis Component,East > TransverseRate,East > TransverseRate,East > TransverseRate,East > TransverseRate,East > TransverseRate
Sort By Base Name > Target Path,,,UTM Easting,,,,Body > Eigen-Axis x,,Body > Eigen-Axis x,Body > Eigen-Axis x,Body > Eigen-Axis x,Body > Eigen-Axis x,Body > Eigen-Axis x,Body > Eigen-Axis x,Body > Eigen-Axis x,,,,HoursBeforeStop > Hour_6_to_Hour_5,,,,,,Stop Time LocalHorizontal Geometry > Relative Velocity,,,,,,,,,,,,,,,,,Attitude(Fixed) > Euler.131.A,Trajectory(Cartographic) > Detic.SubPoint.X,,Trajectory(CBF) > Cylindrical.Radius,,,,,,,GeoBeltWesternLimit > Distance,Center > Velocity Magnitude,Center > Velocity Magnitude,Center > Velocity Magnitude,Center > Velocity Magnitude,Center > Velocity Magnitude,,,,,,,,,East > AngularRate,MagField(WMM) > Magnitude,East > AngularRate,East > AngularRate,East > AngularRate,East > AngularRate,East > AngularRate
Sort By Base Name > Light Time Delay,,,UTM Northing,,,,Body > Eigen-Axis y,,Body > Eigen-Axis y,Body > Eigen-Axis y,Body > Eigen-Axis y,Body > Eigen-Axis y,Body > Eigen-Axis y,Body > Eigen-Axis y,Body > Eigen-Axis y,,,,HoursBeforeStop > Hour_5_to_Hour_4,,,,,,Stop Time LocalHorizontal Geometry > Horizontal Relative Velocity,,,,,,,,,,,,,,,,,Attitude(Fixed) > Euler.131.A Rate,Trajectory(Cartographic) > Detic.SubPoint.X Rate,,Trajectory(CBF) > Cylindrical.Radius Rate,,,,,,,GeoBeltWesternLimit > Direction Angle,GeoBeltEasternLimit > Time,Center > UTM Zone,GeoBeltEasternLimit > Time,GeoBeltEasternLimit > Time,GeoBeltEasternLimit > Time,,,,,,,,,MagField(IGRF) > Time,MagField(WMM) > Direction Angle,MagField(IGRF) > Time,MagField(IGRF) > Time,MagField(IGRF) > Time,MagField(IGRF) > Time,MagField(IGRF) > Time
Sort By Base Name > ClockHost,,,MGRS Cell,,,,Body > Eigen-Axis z,,Body > Eigen-Axis z,Body > Eigen-Axis z,Body > Eigen-Axis z,Body > Eigen-Axis z,Body > Eigen-Axis z,Body > Eigen-Axis z,Body > Eigen-Axis z,,,,HoursBeforeStop > Hour_4_to_Hour_3,,,,,,Start Time CBFVVLH Geometry > Time,,,,,,,,,,,,,,,,,Attitude(Fixed) > Euler.131.B,Trajectory(Cartographic) > Detic.SubPoint.Y,,Trajectory(CBI) > Time,,,,,,,GeoBeltWesternLimit > Velocity 1-Axis Component,GeoBeltEasternLimit > x,Center > UTM Easting,GeoBeltEasternLimit > x,GeoBeltEasternLimit > x,GeoBeltEasternLimit > x,,,,,,,,,MagField(IGRF) > x,MagField(WMM) > Derivative 1-Axis Component,MagField(IGRF) > x,MagField(IGRF) > x,MagField(IGRF) > x,MagField(IGRF) > x,MagField(IGRF) > x
Sort By Base Name > Signal Sense,,,,,,,ICRF > Time,,Body > YPR321 yaw rate,Body > Yaw Rate,Body > Yaw Rate,Body > Yaw Rate,Body > Yaw Rate,Body > Yaw Rate,Body > Yaw Rate,,,,HoursBeforeStop > Hour_3_to_Hour_2,,,,,,Start Time CBFVVLH Geometry > Azimuth,,,,,,,,,,,,,,,,,Attitude(Fixed) > Euler.131.B Rate,Trajectory(Cartographic) > Detic.SubPoint.Y Rate,,Trajectory(CBI) > Cartesian.X,,,,,,,GeoBeltWesternLimit > Velocity 2-Axis Component,GeoBeltEasternLimit > y,Center > UTM Northing,GeoBeltEasternLimit > y,GeoBeltEasternLimit > y,GeoBeltEasternLimit > y,,,,,,,,,MagField(IGRF) > y,MagField(WMM) > Derivative 2-Axis Component,MagField(IGRF) > y,MagField(IGRF) > y,MagField(IGRF) > y,MagField(IGRF) > y,MagField(IGRF) > y
Sort By Base Name > Aberration Type,,,,,,,ICRF > YPR321 yaw,,Body > YPR321 pitch rate,Body > Pitch Rate,Body > Pitch Rate,Body > Pitch Rate,Body > Pitch Rate,Body > Pitch Rate,Body > Pitch Rate,,,,HoursBeforeStop > Hour_2_to_Hour_1,,,,,,Start Time CBFVVLH Geometry > Elevation,,,,,,,,,,,,,,,,,Attitude(Fixed) > Euler.131.C,Trajectory(Cartographic) > Detic.SubPoint.Z,,Trajectory(CBI) > Cartesian.X Rate,,,,,,,GeoBeltWesternLimit > Speed,GeoBeltEasternLimit > z,Center > MGRS Cell,GeoBeltEasternLimit > z,GeoBeltEasternLimit > z,GeoBeltEasternLimit > z,,,,,,,,,MagField(IGRF) > z,MagField(WMM) > Derivative Magnitude,MagField(IGRF) > z,MagField(IGRF) > z,MagField(IGRF) > z,MagField(IGRF) > z,MagField(IGRF) > z
Sort By Base Name > Save Computed Data,,,,,,,ICRF > YPR321 pitch,,Body > YPR321 roll rate,Body > Roll Rate,Body > Roll Rate,Body > Roll Rate,Body > Roll Rate,Body > Roll Rate,Body > Roll Rate,,,,HoursBeforeStop > Hour_1_to_Hour_0,,,,,,Start Time CBFVVLH Geometry > Range,,,,,,,,,,,,,,,,,Attitude(Fixed) > Euler.131.C Rate,Trajectory(Cartographic) > Detic.SubPoint.Z Rate,,Trajectory(CBI) > Cartesian.Y,,,,,,,GeoBeltWesternLimit > Heading Angle,GeoBeltEasternLimit > Magnitude,GeoBeltEasternLimit > Time,GeoBeltEasternLimit > Magnitude,GeoBeltEasternLimit > Magnitude,GeoBeltEasternLimit > Magnitude,,,,,,,,,MagField(IGRF) > Magnitude,MagField(WMM) > Derivative Direction Angle,MagField(IGRF) > Magnitude,MagField(IGRF) > Magnitude,MagField(IGRF) > Magnitude,MagField(IGRF) > Magnitude,MagField(IGRF) > Magnitude
Sort By Base Name > Time Convergence,,,,,,,ICRF > YPR321 roll,,Body > Euler321 precession rate,Body > Euler321 precession rate,Body > Euler321 precession rate,Body > Euler321 precession rate,Body > Euler321 precession rate,Body > Euler321 precession rate,Body > Euler321 precession rate,,,,HoursBeforeStop > Hour_0_above,,,,,,Start Time CBFVVLH Geometry > Range Rate,,,,,,,,,,,,,,,,,Attitude(Fixed) > Euler.132.A,Trajectory(Cartographic) > Detic.SubPoint.Radius,,Trajectory(CBI) > Cartesian.Y Rate,,,,,,,,GeoBeltEasternLimit > x/Magnitude,GeoBeltEasternLimit > x,GeoBeltEasternLimit > x/Magnitude,GeoBeltEasternLimit > x/Magnitude,GeoBeltEasternLimit > x/Magnitude,,,,,,,,,MagField(IGRF) > x/Magnitude,Moon > Time,MagField(IGRF) > x/Magnitude,MagField(IGRF) > x/Magnitude,MagField(IGRF) > x/Magnitude,MagField(IGRF) > x/Magnitude,MagField(IGRF) > x/Magnitude
Sort By Base Name > Min Step,,,,,,,ICRF > Euler321 precession,,Body > Euler321 nutation rate,Body > Euler321 nutation rate,Body > Euler321 nutation rate,Body > Euler321 nutation rate,Body > Euler321 nutation rate,Body > Euler321 nutation rate,Body > Euler321 nutation rate,,,,,,,,,,Start Time CBFVVLH Geometry > Azimuth Rate,,,,,,,,,,,,,,,,,Attitude(Fixed) > Euler.132.A Rate,Trajectory(Cartographic) > Detic.SubPoint.Radius Rate,,Trajectory(CBI) > Cartesian.Z,,,,,,,,GeoBeltEasternLimit > y/Magnitude,GeoBeltEasternLimit > y,GeoBeltEasternLimit > y/Magnitude,GeoBeltEasternLimit > y/Magnitude,GeoBeltEasternLimit > y/Magnitude,,,,,,,,,MagField(IGRF) > y/Magnitude,Moon > 1-Axis Component,MagField(IGRF) > y/Magnitude,MagField(IGRF) > y/Magnitude,MagField(IGRF) > y/Magnitude,MagField(IGRF) > y/Magnitude,MagField(IGRF) > y/Magnitude
Sort By Base Name > Max Step,,,,,,,ICRF > Euler321 nutation,,Body > Euler321 spin rate,Body > Euler321 spin rate,Body > Euler321 spin rate,Body > Euler321 spin rate,Body > Euler321 spin rate,Body > Euler321 spin rate,Body > Euler321 spin rate,,,,,,,,,,Start Time CBFVVLH Geometry > Elevation Rate,,,,,,,,,,,,,,,,,Attitude(Fixed) > Euler.132.B,Trajectory(Cartographic) > Detic.Terrain.LLA.Latitude,,Trajectory(CBI) > Cartesian.Z Rate,,,,,,,,GeoBeltEasternLimit > z/Magnitude,GeoBeltEasternLimit > z,GeoBeltEasternLimit > z/Magnitude,GeoBeltEasternLimit > z/Magnitude,GeoBeltEasternLimit > z/Magnitude,,,,,,,,,MagField(IGRF) > z/Magnitude,Moon > 2-Axis Component,MagField(IGRF) > z/Magnitude,MagField(IGRF) > z/Magnitude,MagField(IGRF) > z/Magnitude,MagField(IGRF) > z/Magnitude,MagField(IGRF) > z/Magnitude
Sort By Base ClassName > Access Name,,,,,,,ICRF > Euler321 spin,,Body > Euler323 precession rate,Body > Euler323 precession rate,Body > Euler323 precession rate,Body > Euler323 precession rate,Body > Euler323 precession rate,Body > Euler323 precession rate,Body > Euler323 precession rate,,,,,,,,,,Start Time CBFVVLH Geometry > Relative Velocity,,,,,,,,,,,,,,,,,Attitude(Fixed) > Euler.132.B Rate,Trajectory(Cartographic) > Detic.Terrain.LLA.Latitude Rate,,Trajectory(CBI) > Cartesian.Radius,,,,,,,,GeoBeltEasternLimit > RightAscension,GeoBeltEasternLimit > Magnitude,GeoBeltEasternLimit > RightAscension,GeoBeltEasternLimit > RightAscension,GeoBeltEasternLimit > RightAscension,,,,,,,,,MagField(IGRF) > RightAscension,Moon > Magnitude,MagField(IGRF) > RightAscension,MagField(IGRF) > RightAscension,MagField(IGRF) > RightAscension,MagField(IGRF) > RightAscension,MagField(IGRF) > RightAscension
Sort By Base ClassName > Base Name,,,,,,,ICRF > Euler323 precession,,Body > Euler323 nutation rate,Body > Euler323 nutation rate,Body > Euler323 nutation rate,Body > Euler323 nutation rate,Body > Euler323 nutation rate,Body > Euler323 nutation rate,Body > Euler323 nutation rate,,,,,,,,,,Start Time CBFVVLH Geometry > Horizontal Relative Velocity,,,,,,,,,,,,,,,,,Attitude(Fixed) > Euler.132.C,Trajectory(Cartographic) > Detic.Terrain.LLA.Longitude,,Trajectory(CBI) > Cartesian.Radius Rate,,,,,,,,GeoBeltEasternLimit > Declination,GeoBeltEasternLimit > x/Magnitude,GeoBeltEasternLimit > Declination,GeoBeltEasternLimit > Declination,GeoBeltEasternLimit > Declination,,,,,,,,,MagField(IGRF) > Declination,Moon > Direction Angle,MagField(IGRF) > Declination,MagField(IGRF) > Declination,MagField(IGRF) > Declination,MagField(IGRF) > Declination,MagField(IGRF) > Declination
Sort By Base ClassName > Base ClassName,,,,,,,ICRF > Euler323 nutation,,Body > Euler323 spin rate,Body > Euler323 spin rate,Body > Euler323 spin rate,Body > Euler323 spin rate,Body > Euler323 spin rate,Body > Euler323 spin rate,Body > Euler323 spin rate,,,,,,,,,,Stop Time CBFVVLH Geometry > Time,,,,,,,,,,,,,,,,,Attitude(Fixed) > Euler.132.C Rate,Trajectory(Cartographic) > Detic.Terrain.LLA.Longitude Rate,,Trajectory(CBI) > Spherical.Azimuth,,,,,,,,GeoBeltEasternLimit > Co-Declination,GeoBeltEasternLimit > y/Magnitude,GeoBeltEasternLimit > Co-Declination,GeoBeltEasternLimit > Co-Declination,GeoBeltEasternLimit > Co-Declination,,,,,,,,,MagField(IGRF) > Co-Declination,Moon > Derivative 1-Axis Component,MagField(IGRF) > Co-Declination,MagField(IGRF) > Co-Declination,MagField(IGRF) > Co-Declination,MagField(IGRF) > Co-Declination,MagField(IGRF) > Co-Declination
Sort By Base ClassName > Base Path,,,,,,,ICRF > Euler323 spin,,ICRF > Time,ICRF > Time,ICRF > Time,ICRF > Time,ICRF > Time,ICRF > Time,ICRF > Time,,,,,,,,,,Stop Time CBFVVLH Geometry > Azimuth,,,,,,,,,,,,,,,,,Attitude(Fixed) > Euler.212.A,Trajectory(Cartographic) > Detic.Terrain.LLA.Altitude(AboveTerrain),,Trajectory(CBI) > Spherical.Azimuth Rate,,,,,,,,GeoBeltEasternLimit > NegativeDeclination,GeoBeltEasternLimit > z/Magnitude,GeoBeltEasternLimit > NegativeDeclination,GeoBeltEasternLimit > NegativeDeclination,GeoBeltEasternLimit > NegativeDeclination,,,,,,,,,MagField(IGRF) > NegativeDeclination,Moon > Derivative 2-Axis Component,MagField(IGRF) > NegativeDeclination,MagField(IGRF) > NegativeDeclination,MagField(IGRF) > NegativeDeclination,MagField(IGRF) > NegativeDeclination,MagField(IGRF) > NegativeDeclination
Sort By Base ClassName > Target Name,,,,,,,ICRF > q1,,ICRF > YPR321 yaw,ICRF > Yaw,ICRF > Yaw,ICRF > Yaw,ICRF > Yaw,ICRF > Yaw,ICRF > Yaw,,,,,,,,,,Stop Time CBFVVLH Geometry > Elevation,,,,,,,,,,,,,,,,,Attitude(Fixed) > Euler.212.A Rate,Trajectory(Cartographic) > Detic.Terrain.LLA.Altitude(AboveTerrain) Rate,,Trajectory(CBI) > Spherical.Elevation,,,,,,,,GeoBeltEasternLimit > Detic Latitude,GeoBeltEasternLimit > RightAscension,GeoBeltEasternLimit > Detic Latitude,GeoBeltEasternLimit > Detic Latitude,GeoBeltEasternLimit > Detic Latitude,,,,,,,,,MagField(IGRF) > DirectionAngle x,Moon > Derivative Magnitude,MagField(IGRF) > DirectionAngle x,MagField(IGRF) > DirectionAngle x,MagField(IGRF) > DirectionAngle x,MagField(IGRF) > DirectionAngle x,MagField(IGRF) > DirectionAngle x
Sort By Base ClassName > Target ClassName,,,,,,,ICRF > q2,,ICRF > YPR321 pitch,ICRF > Pitch,ICRF > Pitch,ICRF > Pitch,ICRF > Pitch,ICRF > Pitch,ICRF > Pitch,,,,,,,,,,Stop Time CBFVVLH Geometry > Range,,,,,,,,,,,,,,,,,Attitude(Fixed) > Euler.212.B,Trajectory(Cartographic) > Detic.Terrain.LLA.TerrainElevation,,Trajectory(CBI) > Spherical.Elevation Rate,,,,,,,,GeoBeltEasternLimit > Detic Longitude,GeoBeltEasternLimit > Declination,GeoBeltEasternLimit > Detic Longitude,GeoBeltEasternLimit > Detic Longitude,GeoBeltEasternLimit > Detic Longitude,,,,,,,,,MagField(IGRF) > DirectionAngle y,Moon > Derivative Direction Angle,MagField(IGRF) > DirectionAngle y,MagField(IGRF) > DirectionAngle y,MagField(IGRF) > DirectionAngle y,MagField(IGRF) > DirectionAngle y,MagField(IGRF) > DirectionAngle y
Sort By Base ClassName > Target Path,,,,,,,ICRF > q3,,ICRF > YPR321 roll,ICRF > Roll,ICRF > Roll,ICRF > Roll,ICRF > Roll,ICRF > Roll,ICRF > Roll,,,,,,,,,,Stop Time CBFVVLH Geometry > Range Rate,,,,,,,,,,,,,,,,,Attitude(Fixed) > Euler.212.B Rate,Trajectory(Cartographic) > Detic.Terrain.LLA.TerrainElevation Rate,,Trajectory(CBI) > Spherical.CoElevation,,,,,,,,GeoBeltEasternLimit > Detic Altitude,GeoBeltEasternLimit > Co-Declination,GeoBeltEasternLimit > Detic Altitude,GeoBeltEasternLimit > Detic Altitude,GeoBeltEasternLimit > Detic Altitude,,,,,,,,,MagField(IGRF) > DirectionAngle z,Moonlight > Time,MagField(IGRF) > DirectionAngle z,MagField(IGRF) > DirectionAngle z,MagField(IGRF) > DirectionAngle z,MagField(IGRF) > DirectionAngle z,MagField(IGRF) > DirectionAngle z
Sort By Base ClassName > Light Time Delay,,,,,,,ICRF > q4,,ICRF > Euler321 precession,ICRF > Euler321 precession,ICRF > Euler321 precession,ICRF > Euler321 precession,ICRF > Euler321 precession,ICRF > Euler321 precession,ICRF > Euler321 precession,,,,,,,,,,Stop Time CBFVVLH Geometry > Azimuth Rate,,,,,,,,,,,,,,,,,Attitude(Fixed) > Euler.212.C,Trajectory(Cartographic) > Detic.Terrain.SubPoint.X,,Trajectory(CBI) > Spherical.CoElevation Rate,,,,,,,,GeoBeltEasternLimit > DirectionAngle x,GeoBeltEasternLimit > NegativeDeclination,GeoBeltEasternLimit > DirectionAngle x,GeoBeltEasternLimit > DirectionAngle x,GeoBeltEasternLimit > DirectionAngle x,,,,,,,,,MagField(IGRF) > Derivative x,Moonlight > 1-Axis Component,MagField(IGRF) > Derivative x,MagField(IGRF) > Derivative x,MagField(IGRF) > Derivative x,MagField(IGRF) > Derivative x,MagField(IGRF) > Derivative x
Sort By Base ClassName > ClockHost,,,,,,,ICRF > wx,,ICRF > Euler321 nutation,ICRF > Euler321 nutation,ICRF > Euler321 nutation,ICRF > Euler321 nutation,ICRF > Euler321 nutation,ICRF > Euler321 nutation,ICRF > Euler321 nutation,,,,,,,,,,Stop Time CBFVVLH Geometry > Elevation Rate,,,,,,,,,,,,,,,,,Attitude(Fixed) > Euler.212.C Rate,Trajectory(Cartographic) > Detic.Terrain.SubPoint.X Rate,,Trajectory(CBI) > Spherical.Radius,,,,,,,,GeoBeltEasternLimit > DirectionAngle y,GeoBeltEasternLimit > Detic Latitude,GeoBeltEasternLimit > DirectionAngle y,GeoBeltEasternLimit > DirectionAngle y,GeoBeltEasternLimit > DirectionAngle y,,,,,,,,,MagField(IGRF) > Derivative y,Moonlight > 2-Axis Component,MagField(IGRF) > Derivative y,MagField(IGRF) > Derivative y,MagField(IGRF) > Derivative y,MagField(IGRF) > Derivative y,MagField(IGRF) > Derivative y
Sort By Base ClassName > Signal Sense,,,,,,,ICRF > wy,,ICRF > Euler321 spin,ICRF > Euler321 spin,ICRF > Euler321 spin,ICRF > Euler321 spin,ICRF > Euler321 spin,ICRF > Euler321 spin,ICRF > Euler321 spin,,,,,,,,,,Stop Time CBFVVLH Geometry > Relative Velocity,,,,,,,,,,,,,,,,,Attitude(Fixed) > Euler.213.A,Trajectory(Cartographic) > Detic.Terrain.SubPoint.Y,,Trajectory(CBI) > Spherical.Radius Rate,,,,,,,,GeoBeltEasternLimit > DirectionAngle z,GeoBeltEasternLimit > Detic Longitude,GeoBeltEasternLimit > DirectionAngle z,GeoBeltEasternLimit > DirectionAngle z,GeoBeltEasternLimit > DirectionAngle z,,,,,,,,,MagField(IGRF) > Derivative z,Moonlight > Magnitude,MagField(IGRF) > Derivative z,MagField(IGRF) > Derivative z,MagField(IGRF) > Derivative z,MagField(IGRF) > Derivative z,MagField(IGRF) > Derivative z
Sort By Base ClassName > Aberration Type,,,,,,,ICRF > wz,,ICRF > Euler323 precession,ICRF > Euler323 precession,ICRF > Euler323 precession,ICRF > Euler323 precession,ICRF > Euler323 precession,ICRF > Euler323 precession,ICRF > Euler323 precession,,,,,,,,,,Stop Time CBFVVLH Geometry > Horizontal Relative Velocity,,,,,,,,,,,,,,,,,Attitude(Fixed) > Euler.213.A Rate,Trajectory(Cartographic) > Detic.Terrain.SubPoint.Y Rate,,Trajectory(CBI) > Cylindrical.Azimuth,,,,,,,,GeoBeltEasternLimit > Velocity x,GeoBeltEasternLimit > Detic Altitude,GeoBeltEasternLimit > Velocity x,GeoBeltEasternLimit > Velocity x,GeoBeltEasternLimit > Velocity x,,,,,,,,,MagField(IGRF) > Derivative Magnitude,Moonlight > Direction Angle,MagField(IGRF) > Derivative Magnitude,MagField(IGRF) > Derivative Magnitude,MagField(IGRF) > Derivative Magnitude,MagField(IGRF) > Derivative Magnitude,MagField(IGRF) > Derivative Magnitude
Sort By Base ClassName > Save Computed Data,,,,,,,ICRF > w mag,,ICRF > Euler323 nutation,ICRF > Euler323 nutation,ICRF > Euler323 nutation,ICRF > Euler323 nutation,ICRF > Euler323 nutation,ICRF > Euler323 nutation,ICRF > Euler323 nutation,,,,,,,,,,Start Time CBIVVLH Geometry > Time,,,,,,,,,,,,,,,,,Attitude(Fixed) > Euler.213.B,Trajectory(Cartographic) > Detic.Terrain.SubPoint.Z,,Trajectory(CBI) > Cylindrical.Azimuth Rate,,,,,,,,GeoBeltEasternLimit > Velocity y,GeoBeltEasternLimit > DirectionAngle x,GeoBeltEasternLimit > Velocity y,GeoBeltEasternLimit > Velocity y,GeoBeltEasternLimit > Velocity y,,,,,,,,,MagField(IGRF) > MagnitudeRate,Moonlight > Derivative 1-Axis Component,MagField(IGRF) > MagnitudeRate,MagField(IGRF) > MagnitudeRate,MagField(IGRF) > MagnitudeRate,MagField(IGRF) > MagnitudeRate,MagField(IGRF) > MagnitudeRate
Sort By Base ClassName > Time Convergence,,,,,,,ICRF > RightAscension of w,,ICRF > Euler323 spin,ICRF > Euler323 spin,ICRF > Euler323 spin,ICRF > Euler323 spin,ICRF > Euler323 spin,ICRF > Euler323 spin,ICRF > Euler323 spin,,,,,,,,,,Start Time CBIVVLH Geometry > Azimuth,,,,,,,,,,,,,,,,,Attitude(Fixed) > Euler.213.B Rate,Trajectory(Cartographic) > Detic.Terrain.SubPoint.Z Rate,,Trajectory(CBI) > Cylindrical.Height,,,,,,,,GeoBeltEasternLimit > Velocity z,GeoBeltEasternLimit > DirectionAngle y,GeoBeltEasternLimit > Velocity z,GeoBeltEasternLimit > Velocity z,GeoBeltEasternLimit > Velocity z,,,,,,,,,MagField(IGRF) > TransverseRate,Moonlight > Derivative 2-Axis Component,MagField(IGRF) > TransverseRate,MagField(IGRF) > TransverseRate,MagField(IGRF) > TransverseRate,MagField(IGRF) > TransverseRate,MagField(IGRF) > TransverseRate
Sort By Base ClassName > Min Step,,,,,,,ICRF > Declination of w,,ICRF > q1,ICRF > q1,ICRF > q1,ICRF > q1,ICRF > q1,ICRF > q1,ICRF > q1,,,,,,,,,,Start Time CBIVVLH Geometry > Elevation,,,,,,,,,,,,,,,,,Attitude(Fixed) > Euler.213.C,Trajectory(Cartographic) > Detic.Terrain.SubPoint.Radius,,Trajectory(CBI) > Cylindrical.Height Rate,,,,,,,,GeoBeltEasternLimit > Velocity Magnitude,GeoBeltEasternLimit > DirectionAngle z,GeoBeltEasternLimit > Velocity Magnitude,GeoBeltEasternLimit > Velocity Magnitude,GeoBeltEasternLimit > Velocity Magnitude,,,,,,,,,MagField(IGRF) > AngularRate,Moonlight > Derivative Magnitude,MagField(IGRF) > AngularRate,MagField(IGRF) > AngularRate,MagField(IGRF) > AngularRate,MagField(IGRF) > AngularRate,MagField(IGRF) > AngularRate
Sort By Base ClassName > Max Step,,,,,,,ICRF > Eigen-Angle,,ICRF > q2,ICRF > q2,ICRF > q2,ICRF > q2,ICRF > q2,ICRF > q2,ICRF > q2,,,,,,,,,,Start Time CBIVVLH Geometry > Range,,,,,,,,,,,,,,,,,Attitude(Fixed) > Euler.213.C Rate,Trajectory(Cartographic) > Detic.Terrain.SubPoint.Radius Rate,,Trajectory(CBI) > Cylindrical.Radius,,,,,,,,GeoBeltWesternLimit > Time,GeoBeltEasternLimit > Velocity x,GeoBeltWesternLimit > Time,GeoBeltWesternLimit > Time,GeoBeltWesternLimit > Time,,,,,,,,,MagField(WMM) > Time,Moonlight > Derivative Direction Angle,MagField(WMM) > Time,MagField(WMM) > Time,MagField(WMM) > Time,MagField(WMM) > Time,MagField(WMM) > Time
Sort By Target Name > Access Name,,,,,,,ICRF > Eigen-Axis x,,ICRF > q3,ICRF > q3,ICRF > q3,ICRF > q3,ICRF > q3,ICRF > q3,ICRF > q3,,,,,,,,,,Start Time CBIVVLH Geometry > Range Rate,,,,,,,,,,,,,,,,,Attitude(Fixed) > Euler.231.A,Trajectory(Cartographic) > Detic.MSL.LLA.Latitude,,Trajectory(CBI) > Cylindrical.Radius Rate,,,,,,,,GeoBeltWesternLimit > x,GeoBeltEasternLimit > Velocity y,GeoBeltWesternLimit > x,GeoBeltWesternLimit > x,GeoBeltWesternLimit > x,,,,,,,,,MagField(WMM) > x,MySatellite > Time,MagField(WMM) > x,MagField(WMM) > x,MagField(WMM) > x,MagField(WMM) > x,MagField(WMM) > x
Sort By Target Name > Base Name,,,,,,,ICRF > Eigen-Axis y,,ICRF > q4,ICRF > q4,ICRF > q4,ICRF > q4,ICRF > q4,ICRF > q4,ICRF > q4,,,,,,,,,,Start Time CBIVVLH Geometry > Azimuth Rate,,,,,,,,,,,,,,,,,Attitude(Fixed) > Euler.231.A Rate,Trajectory(Cartographic) > Detic.MSL.LLA.Latitude Rate,,,,,,,,,,GeoBeltWesternLimit > y,GeoBeltEasternLimit > Velocity z,GeoBeltWesternLimit > y,GeoBeltWesternLimit > y,GeoBeltWesternLimit > y,,,,,,,,,MagField(WMM) > y,MySatellite > 1-Axis Component,MagField(WMM) > y,MagField(WMM) > y,MagField(WMM) > y,MagField(WMM) > y,MagField(WMM) > y
Sort By Target Name > Base ClassName,,,,,,,ICRF > Eigen-Axis z,,ICRF > wx,ICRF > wx,ICRF > wx,ICRF > wx,ICRF > wx,ICRF > wx,ICRF > wx,,,,,,,,,,Start Time CBIVVLH Geometry > Elevation Rate,,,,,,,,,,,,,,,,,Attitude(Fixed) > Euler.231.B,Trajectory(Cartographic) > Detic.MSL.LLA.Longitude,,,,,,,,,,GeoBeltWesternLimit > z,GeoBeltEasternLimit > Velocity Magnitude,GeoBeltWesternLimit > z,GeoBeltWesternLimit > z,GeoBeltWesternLimit > z,,,,,,,,,MagField(WMM) > z,MySatellite > 2-Axis Component,MagField(WMM) > z,MagField(WMM) > z,MagField(WMM) > z,MagField(WMM) > z,MagField(WMM) > z
Sort By Target Name > Base Path,,,,,,,J2000 > Time,,ICRF > wy,ICRF > wy,ICRF > wy,ICRF > wy,ICRF > wy,ICRF > wy,ICRF > wy,,,,,,,,,,Start Time CBIVVLH Geometry > Relative Velocity,,,,,,,,,,,,,,,,,Attitude(Fixed) > Euler.231.B Rate,Trajectory(Cartographic) > Detic.MSL.LLA.Longitude Rate,,,,,,,,,,GeoBeltWesternLimit > Magnitude,GeoBeltEasternLimit > UTM Zone,GeoBeltWesternLimit > Magnitude,GeoBeltWesternLimit > Magnitude,GeoBeltWesternLimit > Magnitude,,,,,,,,,MagField(WMM) > Magnitude,MySatellite > Magnitude,MagField(WMM) > Magnitude,MagField(WMM) > Magnitude,MagField(WMM) > Magnitude,MagField(WMM) > Magnitude,MagField(WMM) > Magnitude
Sort By Target Name > Target Name,,,,,,,J2000 > YPR321 yaw,,ICRF > wz,ICRF > wz,ICRF > wz,ICRF > wz,ICRF > wz,ICRF > wz,ICRF > wz,,,,,,,,,,Start Time CBIVVLH Geometry > Horizontal Relative Velocity,,,,,,,,,,,,,,,,,Attitude(Fixed) > Euler.231.C,Trajectory(Cartographic) > Detic.MSL.LLA.Altitude(AboveMSL),,,,,,,,,,GeoBeltWesternLimit > x/Magnitude,GeoBeltEasternLimit > UTM Easting,GeoBeltWesternLimit > x/Magnitude,GeoBeltWesternLimit > x/Magnitude,GeoBeltWesternLimit > x/Magnitude,,,,,,,,,MagField(WMM) > x/Magnitude,MySatellite > Direction Angle,MagField(WMM) > x/Magnitude,MagField(WMM) > x/Magnitude,MagField(WMM) > x/Magnitude,MagField(WMM) > x/Magnitude,MagField(WMM) > x/Magnitude
Sort By Target Name > Target ClassName,,,,,,,J2000 > YPR321 pitch,,ICRF > w mag,ICRF > w mag,ICRF > w mag,ICRF > w mag,ICRF > w mag,ICRF > w mag,ICRF > w mag,,,,,,,,,,Stop Time CBIVVLH Geometry > Time,,,,,,,,,,,,,,,,,Attitude(Fixed) > Euler.231.C Rate,Trajectory(Cartographic) > Detic.MSL.LLA.Altitude(AboveMSL) Rate,,,,,,,,,,GeoBeltWesternLimit > y/Magnitude,GeoBeltEasternLimit > UTM Northing,GeoBeltWesternLimit > y/Magnitude,GeoBeltWesternLimit > y/Magnitude,GeoBeltWesternLimit > y/Magnitude,,,,,,,,,MagField(WMM) > y/Magnitude,MySatellite > Derivative 1-Axis Component,MagField(WMM) > y/Magnitude,MagField(WMM) > y/Magnitude,MagField(WMM) > y/Magnitude,MagField(WMM) > y/Magnitude,MagField(WMM) > y/Magnitude
Sort By Target Name > Target Path,,,,,,,J2000 > YPR321 roll,,ICRF > RightAscension of w,ICRF > RightAscension of w,ICRF > RightAscension of w,ICRF > RightAscension of w,ICRF > RightAscension of w,ICRF > RightAscension of w,ICRF > RightAscension of w,,,,,,,,,,Stop Time CBIVVLH Geometry > Azimuth,,,,,,,,,,,,,,,,,Attitude(Fixed) > Euler.232.A,Trajectory(Cartographic) > Detic.MSL.LLA.MSLElevation,,,,,,,,,,GeoBeltWesternLimit > z/Magnitude,GeoBeltEasternLimit > MGRS Cell,GeoBeltWesternLimit > z/Magnitude,GeoBeltWesternLimit > z/Magnitude,GeoBeltWesternLimit > z/Magnitude,,,,,,,,,MagField(WMM) > z/Magnitude,MySatellite > Derivative 2-Axis Component,MagField(WMM) > z/Magnitude,MagField(WMM) > z/Magnitude,MagField(WMM) > z/Magnitude,MagField(WMM) > z/Magnitude,MagField(WMM) > z/Magnitude
Sort By Target Name > Light Time Delay,,,,,,,J2000 > Euler321 precession,,ICRF > Declination of w,ICRF > Declination of w,ICRF > Declination of w,ICRF > Declination of w,ICRF > Declination of w,ICRF > Declination of w,ICRF > Declination of w,,,,,,,,,,Stop Time CBIVVLH Geometry > Elevation,,,,,,,,,,,,,,,,,Attitude(Fixed) > Euler.232.A Rate,Trajectory(Cartographic) > Detic.MSL.LLA.MSLElevation Rate,,,,,,,,,,GeoBeltWesternLimit > RightAscension,GeoBeltWesternLimit > Time,GeoBeltWesternLimit > RightAscension,GeoBeltWesternLimit > RightAscension,GeoBeltWesternLimit > RightAscension,,,,,,,,,MagField(WMM) > RightAscension,MySatellite > Derivative Magnitude,MagField(WMM) > RightAscension,MagField(WMM) > RightAscension,MagField(WMM) > RightAscension,MagField(WMM) > RightAscension,MagField(WMM) > RightAscension
Sort By Target Name > ClockHost,,,,,,,J2000 > Euler321 nutation,,ICRF > Eigen-Angle,ICRF > Eigen-Angle,ICRF > Eigen-Angle,ICRF > Eigen-Angle,ICRF > Eigen-Angle,ICRF > Eigen-Angle,ICRF > Eigen-Angle,,,,,,,,,,Stop Time CBIVVLH Geometry > Range,,,,,,,,,,,,,,,,,Attitude(Fixed) > Euler.232.B,Trajectory(Cartographic) > Detic.MSL.SubPoint.X,,,,,,,,,,GeoBeltWesternLimit > Declination,GeoBeltWesternLimit > x,GeoBeltWesternLimit > Declination,GeoBeltWesternLimit > Declination,GeoBeltWesternLimit > Declination,,,,,,,,,MagField(WMM) > Declination,MySatellite > Derivative Direction Angle,MagField(WMM) > Declination,MagField(WMM) > Declination,MagField(WMM) > Declination,MagField(WMM) > Declination,MagField(WMM) > Declination
Sort By Target Name > Signal Sense,,,,,,,J2000 > Euler321 spin,,ICRF > Eigen-Axis x,ICRF > Eigen-Axis x,ICRF > Eigen-Axis x,ICRF > Eigen-Axis x,ICRF > Eigen-Axis x,ICRF > Eigen-Axis x,ICRF > Eigen-Axis x,,,,,,,,,,Stop Time CBIVVLH Geometry > Range Rate,,,,,,,,,,,,,,,,,Attitude(Fixed) > Euler.232.B Rate,Trajectory(Cartographic) > Detic.MSL.SubPoint.X Rate,,,,,,,,,,GeoBeltWesternLimit > Co-Declination,GeoBeltWesternLimit > y,GeoBeltWesternLimit > Co-Declination,GeoBeltWesternLimit > Co-Declination,GeoBeltWesternLimit > Co-Declination,,,,,,,,,MagField(WMM) > Co-Declination,Nadir(Detic) > Time,MagField(WMM) > Co-Declination,MagField(WMM) > Co-Declination,MagField(WMM) > Co-Declination,MagField(WMM) > Co-Declination,MagField(WMM) > Co-Declination
Sort By Target Name > Aberration Type,,,,,,,J2000 > Euler323 precession,,ICRF > Eigen-Axis y,ICRF > Eigen-Axis y,ICRF > Eigen-Axis y,ICRF > Eigen-Axis y,ICRF > Eigen-Axis y,ICRF > Eigen-Axis y,ICRF > Eigen-Axis y,,,,,,,,,,Stop Time CBIVVLH Geometry > Azimuth Rate,,,,,,,,,,,,,,,,,Attitude(Fixed) > Euler.232.C,Trajectory(Cartographic) > Detic.MSL.SubPoint.Y,,,,,,,,,,GeoBeltWesternLimit > NegativeDeclination,GeoBeltWesternLimit > z,GeoBeltWesternLimit > NegativeDeclination,GeoBeltWesternLimit > NegativeDeclination,GeoBeltWesternLimit > NegativeDeclination,,,,,,,,,MagField(WMM) > NegativeDeclination,Nadir(Detic) > 1-Axis Component,MagField(WMM) > NegativeDeclination,MagField(WMM) > NegativeDeclination,MagField(WMM) > NegativeDeclination,MagField(WMM) > NegativeDeclination,MagField(WMM) > NegativeDeclination
Sort By Target Name > Save Computed Data,,,,,,,J2000 > Euler323 nutation,,ICRF > Eigen-Axis z,ICRF > Eigen-Axis z,ICRF > Eigen-Axis z,ICRF > Eigen-Axis z,ICRF > Eigen-Axis z,ICRF > Eigen-Axis z,ICRF > Eigen-Axis z,,,,,,,,,,Stop Time CBIVVLH Geometry > Elevation Rate,,,,,,,,,,,,,,,,,Attitude(Fixed) > Euler.232.C Rate,Trajectory(Cartographic) > Detic.MSL.SubPoint.Y Rate,,,,,,,,,,GeoBeltWesternLimit > Detic Latitude,GeoBeltWesternLimit > Magnitude,GeoBeltWesternLimit > Detic Latitude,GeoBeltWesternLimit > Detic Latitude,GeoBeltWesternLimit > Detic Latitude,,,,,,,,,MagField(WMM) > DirectionAngle x,Nadir(Detic) > 2-Axis Component,MagField(WMM) > DirectionAngle x,MagField(WMM) > DirectionAngle x,MagField(WMM) > DirectionAngle x,MagField(WMM) > DirectionAngle x,MagField(WMM) > DirectionAngle x
Sort By Target Name > Time Convergence,,,,,,,J2000 > Euler323 spin,,ICRF > YPR321 yaw rate,ICRF > Yaw Rate,ICRF > Yaw Rate,ICRF > Yaw Rate,ICRF > Yaw Rate,ICRF > Yaw Rate,ICRF > Yaw Rate,,,,,,,,,,Stop Time CBIVVLH Geometry > Relative Velocity,,,,,,,,,,,,,,,,,Attitude(Fixed) > Euler.312.A,Trajectory(Cartographic) > Detic.MSL.SubPoint.Z,,,,,,,,,,GeoBeltWesternLimit > Detic Longitude,GeoBeltWesternLimit > x/Magnitude,GeoBeltWesternLimit > Detic Longitude,GeoBeltWesternLimit > Detic Longitude,GeoBeltWesternLimit > Detic Longitude,,,,,,,,,MagField(WMM) > DirectionAngle y,Nadir(Detic) > Magnitude,MagField(WMM) > DirectionAngle y,MagField(WMM) > DirectionAngle y,MagField(WMM) > DirectionAngle y,MagField(WMM) > DirectionAngle y,MagField(WMM) > DirectionAngle y
Sort By Target Name > Min Step,,,,,,,J2000 > q1,,ICRF > YPR321 pitch rate,ICRF > Pitch Rate,ICRF > Pitch Rate,ICRF > Pitch Rate,ICRF > Pitch Rate,ICRF > Pitch Rate,ICRF > Pitch Rate,,,,,,,,,,Stop Time CBIVVLH Geometry > Horizontal Relative Velocity,,,,,,,,,,,,,,,,,Attitude(Fixed) > Euler.312.A Rate,Trajectory(Cartographic) > Detic.MSL.SubPoint.Z Rate,,,,,,,,,,GeoBeltWesternLimit > Detic Altitude,GeoBeltWesternLimit > y/Magnitude,GeoBeltWesternLimit > Detic Altitude,GeoBeltWesternLimit > Detic Altitude,GeoBeltWesternLimit > Detic Altitude,,,,,,,,,MagField(WMM) > DirectionAngle z,Nadir(Detic) > Direction Angle,MagField(WMM) > DirectionAngle z,MagField(WMM) > DirectionAngle z,MagField(WMM) > DirectionAngle z,MagField(WMM) > DirectionAngle z,MagField(WMM) > DirectionAngle z
Sort By Target Name > Max Step,,,,,,,J2000 > q2,,ICRF > YPR321 roll rate,ICRF > Roll Rate,ICRF > Roll Rate,ICRF > Roll Rate,ICRF > Roll Rate,ICRF > Roll Rate,ICRF > Roll Rate,,,,,,,,,,Start Time BodyFixed Geometry > Time,,,,,,,,,,,,,,,,,Attitude(Fixed) > Euler.312.B,Trajectory(Cartographic) > Detic.MSL.SubPoint.Radius,,,,,,,,,,GeoBeltWesternLimit > DirectionAngle x,GeoBeltWesternLimit > z/Magnitude,GeoBeltWesternLimit > DirectionAngle x,GeoBeltWesternLimit > DirectionAngle x,GeoBeltWesternLimit > DirectionAngle x,,,,,,,,,MagField(WMM) > Derivative x,Nadir(Detic) > Derivative 1-Axis Component,MagField(WMM) > Derivative x,MagField(WMM) > Derivative x,MagField(WMM) > Derivative x,MagField(WMM) > Derivative x,MagField(WMM) > Derivative x
Sort By Target ClassName > Access Name,,,,,,,J2000 > q3,,ICRF > Euler321 precession rate,ICRF > Euler321 precession rate,ICRF > Euler321 precession rate,ICRF > Euler321 precession rate,ICRF > Euler321 precession rate,ICRF > Euler321 precession rate,ICRF > Euler321 precession rate,,,,,,,,,,Start Time BodyFixed Geometry > Azimuth,,,,,,,,,,,,,,,,,Attitude(Fixed) > Euler.312.B Rate,Trajectory(Cartographic) > Detic.MSL.SubPoint.Radius Rate,,,,,,,,,,GeoBeltWesternLimit > DirectionAngle y,GeoBeltWesternLimit > RightAscension,GeoBeltWesternLimit > DirectionAngle y,GeoBeltWesternLimit > DirectionAngle y,GeoBeltWesternLimit > DirectionAngle y,,,,,,,,,MagField(WMM) > Derivative y,Nadir(Detic) > Derivative 2-Axis Component,MagField(WMM) > Derivative y,MagField(WMM) > Derivative y,MagField(WMM) > Derivative y,MagField(WMM) > Derivative y,MagField(WMM) > Derivative y
Sort By Target ClassName > Base Name,,,,,,,J2000 > q4,,ICRF > Euler321 nutation rate,ICRF > Euler321 nutation rate,ICRF > Euler321 nutation rate,ICRF > Euler321 nutation rate,ICRF > Euler321 nutation rate,ICRF > Euler321 nutation rate,ICRF > Euler321 nutation rate,,,,,,,,,,Start Time BodyFixed Geometry > Elevation,,,,,,,,,,,,,,,,,Attitude(Fixed) > Euler.312.C,Trajectory(Cartographic) > Centric.LLR.Latitude,,,,,,,,,,GeoBeltWesternLimit > DirectionAngle z,GeoBeltWesternLimit > Declination,GeoBeltWesternLimit > DirectionAngle z,GeoBeltWesternLimit > DirectionAngle z,GeoBeltWesternLimit > DirectionAngle z,,,,,,,,,MagField(WMM) > Derivative z,Nadir(Detic) > Derivative Magnitude,MagField(WMM) > Derivative z,MagField(WMM) > Derivative z,MagField(WMM) > Derivative z,MagField(WMM) > Derivative z,MagField(WMM) > Derivative z
Sort By Target ClassName > Base ClassName,,,,,,,J2000 > wx,,ICRF > Euler321 spin rate,ICRF > Euler321 spin rate,ICRF > Euler321 spin rate,ICRF > Euler321 spin rate,ICRF > Euler321 spin rate,ICRF > Euler321 spin rate,ICRF > Euler321 spin rate,,,,,,,,,,Start Time BodyFixed Geometry > Range,,,,,,,,,,,,,,,,,Attitude(Fixed) > Euler.312.C Rate,Trajectory(Cartographic) > Centric.LLR.Latitude Rate,,,,,,,,,,GeoBeltWesternLimit > Velocity x,GeoBeltWesternLimit > Co-Declination,GeoBeltWesternLimit > Velocity x,GeoBeltWesternLimit > Velocity x,GeoBeltWesternLimit > Velocity x,,,,,,,,,MagField(WMM) > Derivative Magnitude,Nadir(Detic) > Derivative Direction Angle,MagField(WMM) > Derivative Magnitude,MagField(WMM) > Derivative Magnitude,MagField(WMM) > Derivative Magnitude,MagField(WMM) > Derivative Magnitude,MagField(WMM) > Derivative Magnitude
Sort By Target ClassName > Base Path,,,,,,,J2000 > wy,,ICRF > Euler323 precession rate,ICRF > Euler323 precession rate,ICRF > Euler323 precession rate,ICRF > Euler323 precession rate,ICRF > Euler323 precession rate,ICRF > Euler323 precession rate,ICRF > Euler323 precession rate,,,,,,,,,,Start Time BodyFixed Geometry > Range Rate,,,,,,,,,,,,,,,,,Attitude(Fixed) > Euler.313.A,Trajectory(Cartographic) > Centric.LLR.Longitude,,,,,,,,,,GeoBeltWesternLimit > Velocity y,GeoBeltWesternLimit > NegativeDeclination,GeoBeltWesternLimit > Velocity y,GeoBeltWesternLimit > Velocity y,GeoBeltWesternLimit > Velocity y,,,,,,,,,MagField(WMM) > MagnitudeRate,North > Time,MagField(WMM) > MagnitudeRate,MagField(WMM) > MagnitudeRate,MagField(WMM) > MagnitudeRate,MagField(WMM) > MagnitudeRate,MagField(WMM) > MagnitudeRate
Sort By Target ClassName > Target Name,,,,,,,J2000 > wz,,ICRF > Euler323 nutation rate,ICRF > Euler323 nutation rate,ICRF > Euler323 nutation rate,ICRF > Euler323 nutation rate,ICRF > Euler323 nutation rate,ICRF > Euler323 nutation rate,ICRF > Euler323 nutation rate,,,,,,,,,,Start Time BodyFixed Geometry > Azimuth Rate,,,,,,,,,,,,,,,,,Attitude(Fixed) > Euler.313.A Rate,Trajectory(Cartographic) > Centric.LLR.Longitude Rate,,,,,,,,,,GeoBeltWesternLimit > Velocity z,GeoBeltWesternLimit > Detic Latitude,GeoBeltWesternLimit > Velocity z,GeoBeltWesternLimit > Velocity z,GeoBeltWesternLimit > Velocity z,,,,,,,,,MagField(WMM) > TransverseRate,North > 1-Axis Component,MagField(WMM) > TransverseRate,MagField(WMM) > TransverseRate,MagField(WMM) > TransverseRate,MagField(WMM) > TransverseRate,MagField(WMM) > TransverseRate
Sort By Target ClassName > Target ClassName,,,,,,,J2000 > w mag,,ICRF > Euler323 spin rate,ICRF > Euler323 spin rate,ICRF > Euler323 spin rate,ICRF > Euler323 spin rate,ICRF > Euler323 spin rate,ICRF > Euler323 spin rate,ICRF > Euler323 spin rate,,,,,,,,,,Start Time BodyFixed Geometry > Elevation Rate,,,,,,,,,,,,,,,,,Attitude(Fixed) > Euler.313.B,Trajectory(Cartographic) > Centric.LLR.Radius,,,,,,,,,,GeoBeltWesternLimit > Velocity Magnitude,GeoBeltWesternLimit > Detic Longitude,GeoBeltWesternLimit > Velocity Magnitude,GeoBeltWesternLimit > Velocity Magnitude,GeoBeltWesternLimit > Velocity Magnitude,,,,,,,,,MagField(WMM) > AngularRate,North > 2-Axis Component,MagField(WMM) > AngularRate,MagField(WMM) > AngularRate,MagField(WMM) > AngularRate,MagField(WMM) > AngularRate,MagField(WMM) > AngularRate
Sort By Target ClassName > Target Path,,,,,,,J2000 > RightAscension of w,,J2000 > Time,J2000 > Time,J2000 > Time,J2000 > Time,J2000 > Time,J2000 > Time,J2000 > Time,,,,,,,,,,Start Time BodyFixed Geometry > Relative Velocity,,,,,,,,,,,,,,,,,Attitude(Fixed) > Euler.313.B Rate,Trajectory(Cartographic) > Centric.LLR.Radius Rate,,,,,,,,,,,GeoBeltWesternLimit > Detic Altitude,,,,,,,,,,,,Moon > Time,North > Magnitude,Moon > Time,Moon > Time,Moon > Time,Moon > Time,Moon > Time
Sort By Target ClassName > Light Time Delay,,,,,,,J2000 > Declination of w,,J2000 > YPR321 yaw,J2000 > Yaw,J2000 > Yaw,J2000 > Yaw,J2000 > Yaw,J2000 > Yaw,J2000 > Yaw,,,,,,,,,,Start Time BodyFixed Geometry > Horizontal Relative Velocity,,,,,,,,,,,,,,,,,Attitude(Fixed) > Euler.313.C,Trajectory(Cartographic) > Centric.SubPoint.X,,,,,,,,,,,GeoBeltWesternLimit > DirectionAngle x,,,,,,,,,,,,Moon > x,North > Direction Angle,Moon > x,Moon > x,Moon > x,Moon > x,Moon > x
Sort By Target ClassName > ClockHost,,,,,,,J2000 > Eigen-Angle,,J2000 > YPR321 pitch,J2000 > Pitch,J2000 > Pitch,J2000 > Pitch,J2000 > Pitch,J2000 > Pitch,J2000 > Pitch,,,,,,,,,,Stop Time BodyFixed Geometry > Time,,,,,,,,,,,,,,,,,Attitude(Fixed) > Euler.313.C Rate,Trajectory(Cartographic) > Centric.SubPoint.X Rate,,,,,,,,,,,GeoBeltWesternLimit > DirectionAngle y,,,,,,,,,,,,Moon > y,North > Derivative 1-Axis Component,Moon > y,Moon > y,Moon > y,Moon > y,Moon > y
Sort By Target ClassName > Signal Sense,,,,,,,J2000 > Eigen-Axis x,,J2000 > YPR321 roll,J2000 > Roll,J2000 > Roll,J2000 > Roll,J2000 > Roll,J2000 > Roll,J2000 > Roll,,,,,,,,,,Stop Time BodyFixed Geometry > Azimuth,,,,,,,,,,,,,,,,,Attitude(Fixed) > Euler.321.A,Trajectory(Cartographic) > Centric.SubPoint.Y,,,,,,,,,,,GeoBeltWesternLimit > DirectionAngle z,,,,,,,,,,,,Moon > z,North > Derivative 2-Axis Component,Moon > z,Moon > z,Moon > z,Moon > z,Moon > z
Sort By Target ClassName > Aberration Type,,,,,,,J2000 > Eigen-Axis y,,J2000 > Euler321 precession,J2000 > Euler321 precession,J2000 > Euler321 precession,J2000 > Euler321 precession,J2000 > Euler321 precession,J2000 > Euler321 precession,J2000 > Euler321 precession,,,,,,,,,,Stop Time BodyFixed Geometry > Elevation,,,,,,,,,,,,,,,,,Attitude(Fixed) > Euler.321.A Rate,Trajectory(Cartographic) > Centric.SubPoint.Y Rate,,,,,,,,,,,GeoBeltWesternLimit > Velocity x,,,,,,,,,,,,Moon > Magnitude,North > Derivative Magnitude,Moon > Magnitude,Moon > Magnitude,Moon > Magnitude,Moon > Magnitude,Moon > Magnitude
Sort By Target ClassName > Save Computed Data,,,,,,,J2000 > Eigen-Axis z,,J2000 > Euler321 nutation,J2000 > Euler321 nutation,J2000 > Euler321 nutation,J2000 > Euler321 nutation,J2000 > Euler321 nutation,J2000 > Euler321 nutation,J2000 > Euler321 nutation,,,,,,,,,,Stop Time BodyFixed Geometry > Range,,,,,,,,,,,,,,,,,Attitude(Fixed) > Euler.321.B,Trajectory(Cartographic) > Centric.SubPoint.Z,,,,,,,,,,,GeoBeltWesternLimit > Velocity y,,,,,,,,,,,,Moon > x/Magnitude,North > Derivative Direction Angle,Moon > x/Magnitude,Moon > x/Magnitude,Moon > x/Magnitude,Moon > x/Magnitude,Moon > x/Magnitude
Sort By Target ClassName > Time Convergence,,,,,,,Model > Time,,J2000 > Euler321 spin,J2000 > Euler321 spin,J2000 > Euler321 spin,J2000 > Euler321 spin,J2000 > Euler321 spin,J2000 > Euler321 spin,J2000 > Euler321 spin,,,,,,,,,,Stop Time BodyFixed Geometry > Range Rate,,,,,,,,,,,,,,,,,Attitude(Fixed) > Euler.321.B Rate,Trajectory(Cartographic) > Centric.SubPoint.Z Rate,,,,,,,,,,,GeoBeltWesternLimit > Velocity z,,,,,,,,,,,,Moon > y/Magnitude,Position > Time,Moon > y/Magnitude,Moon > y/Magnitude,Moon > y/Magnitude,Moon > y/Magnitude,Moon > y/Magnitude
Sort By Target ClassName > Min Step,,,,,,,Model > YPR321 yaw,,J2000 > Euler323 precession,J2000 > Euler323 precession,J2000 > Euler323 precession,J2000 > Euler323 precession,J2000 > Euler323 precession,J2000 > Euler323 precession,J2000 > Euler323 precession,,,,,,,,,,Stop Time BodyFixed Geometry > Azimuth Rate,,,,,,,,,,,,,,,,,Attitude(Fixed) > Euler.321.C,Trajectory(Cartographic) > Centric.SubPoint.Radius,,,,,,,,,,,GeoBeltWesternLimit > Velocity Magnitude,,,,,,,,,,,,Moon > z/Magnitude,Position > 1-Axis Component,Moon > z/Magnitude,Moon > z/Magnitude,Moon > z/Magnitude,Moon > z/Magnitude,Moon > z/Magnitude
Sort By Target ClassName > Max Step,,,,,,,Model > YPR321 pitch,,J2000 > Euler323 nutation,J2000 > Euler323 nutation,J2000 > Euler323 nutation,J2000 > Euler323 nutation,J2000 > Euler323 nutation,J2000 > Euler323 nutation,J2000 > Euler323 nutation,,,,,,,,,,Stop Time BodyFixed Geometry > Elevation Rate,,,,,,,,,,,,,,,,,Attitude(Fixed) > Euler.321.C Rate,Trajectory(Cartographic) > Centric.SubPoint.Radius Rate,,,,,,,,,,,GeoBeltWesternLimit > UTM Zone,,,,,,,,,,,,Moon > RightAscension,Position > 2-Axis Component,Moon > RightAscension,Moon > RightAscension,Moon > RightAscension,Moon > RightAscension,Moon > RightAscension
,,,,,,,Model > YPR321 roll,,J2000 > Euler323 spin,J2000 > Euler323 spin,J2000 > Euler323 spin,J2000 > Euler323 spin,J2000 > Euler323 spin,J2000 > Euler323 spin,J2000 > Euler323 spin,,,,,,,,,,Stop Time BodyFixed Geometry > Relative Velocity,,,,,,,,,,,,,,,,,Attitude(Fixed) > Euler.323.A,,,,,,,,,,,,GeoBeltWesternLimit > UTM Easting,,,,,,,,,,,,Moon > Declination,Position > Magnitude,Moon > Declination,Moon > Declination,Moon > Declination,Moon > Declination,Moon > Declination
,,,,,,,Model > Euler321 precession,,J2000 > q1,J2000 > q1,J2000 > q1,J2000 > q1,J2000 > q1,J2000 > q1,J2000 > q1,,,,,,,,,,Stop Time BodyFixed Geometry > Horizontal Relative Velocity,,,,,,,,,,,,,,,,,Attitude(Fixed) > Euler.323.A Rate,,,,,,,,,,,,GeoBeltWesternLimit > UTM Northing,,,,,,,,,,,,Moon > Co-Declination,Position > Direction Angle,Moon > Co-Declination,Moon > Co-Declination,Moon > Co-Declination,Moon > Co-Declination,Moon > Co-Declination
,,,,,,,Model > Euler321 nutation,,J2000 > q2,J2000 > q2,J2000 > q2,J2000 > q2,J2000 > q2,J2000 > q2,J2000 > q2,,,,,,,,,,Start Time Source CBF Location > Time,,,,,,,,,,,,,,,,,Attitude(Fixed) > Euler.323.B,,,,,,,,,,,,GeoBeltWesternLimit > MGRS Cell,,,,,,,,,,,,Moon > NegativeDeclination,Position > Derivative 1-Axis Component,Moon > NegativeDeclination,Moon > NegativeDeclination,Moon > NegativeDeclination,Moon > NegativeDeclination,Moon > NegativeDeclination
,,,,,,,Model > Euler321 spin,,J2000 > q3,J2000 > q3,J2000 > q3,J2000 > q3,J2000 > q3,J2000 > q3,J2000 > q3,,,,,,,,,,Start Time Source CBF Location > Latitude,,,,,,,,,,,,,,,,,Attitude(Fixed) > Euler.323.B Rate,,,,,,,,,,,,,,,,,,,,,,,,Moon > DirectionAngle x,Position > Derivative 2-Axis Component,Moon > DirectionAngle x,Moon > DirectionAngle x,Moon > DirectionAngle x,Moon > DirectionAngle x,Moon > DirectionAngle x
,,,,,,,Model > Euler323 precession,,J2000 > q4,J2000 > q4,J2000 > q4,J2000 > q4,J2000 > q4,J2000 > q4,J2000 > q4,,,,,,,,,,Start Time Source CBF Location > Longitude,,,,,,,,,,,,,,,,,Attitude(Fixed) > Euler.323.C,,,,,,,,,,,,,,,,,,,,,,,,Moon > DirectionAngle y,Position > Derivative Magnitude,Moon > DirectionAngle y,Moon > DirectionAngle y,Moon > DirectionAngle y,Moon > DirectionAngle y,Moon > DirectionAngle y
,,,,,,,Model > Euler323 nutation,,J2000 > wx,J2000 > wx,J2000 > wx,J2000 > wx,J2000 > wx,J2000 > wx,J2000 > wx,,,,,,,,,,Start Time Source CBF Location > Altitude,,,,,,,,,,,,,,,,,Attitude(Fixed) > Euler.323.C Rate,,,,,,,,,,,,,,,,,,,,,,,,Moon > DirectionAngle z,Position > Derivative Direction Angle,Moon > DirectionAngle z,Moon > DirectionAngle z,Moon > DirectionAngle z,Moon > DirectionAngle z,Moon > DirectionAngle z
,,,,,,,Model > Euler323 spin,,J2000 > wy,J2000 > wy,J2000 > wy,J2000 > wy,J2000 > wy,J2000 > wy,J2000 > wy,,,,,,,,,,Start Time Source CBF Location > Position X,,,,,,,,,,,,,,,,,Attitude(Fixed) > DCM.XX,,,,,,,,,,,,,,,,,,,,,,,,Moon > Derivative x,South > Time,Moon > Derivative x,Moon > Derivative x,Moon > Derivative x,Moon > Derivative x,Moon > Derivative x
,,,,,,,Model > q1,,J2000 > wz,J2000 > wz,J2000 > wz,J2000 > wz,J2000 > wz,J2000 > wz,J2000 > wz,,,,,,,,,,Start Time Source CBF Location > Position Y,,,,,,,,,,,,,,,,,Attitude(Fixed) > DCM.XX Rate,,,,,,,,,,,,,,,,,,,,,,,,Moon > Derivative y,South > 1-Axis Component,Moon > Derivative y,Moon > Derivative y,Moon > Derivative y,Moon > Derivative y,Moon > Derivative y
,,,,,,,Model > q2,,J2000 > w mag,J2000 > w mag,J2000 > w mag,J2000 > w mag,J2000 > w mag,J2000 > w mag,J2000 > w mag,,,,,,,,,,Start Time Source CBF Location > Position Z,,,,,,,,,,,,,,,,,Attitude(Fixed) > DCM.XY,,,,,,,,,,,,,,,,,,,,,,,,Moon > Derivative z,South > 2-Axis Component,Moon > Derivative z,Moon > Derivative z,Moon > Derivative z,Moon > Derivative z,Moon > Derivative z
,,,,,,,Model > q3,,J2000 > RightAscension of w,J2000 > RightAscension of w,J2000 > RightAscension of w,J2000 > RightAscension of w,J2000 > RightAscension of w,J2000 > RightAscension of w,J2000 > RightAscension of w,,,,,,,,,,Start Time Source CBF Location > Velocity X,,,,,,,,,,,,,,,,,Attitude(Fixed) > DCM.XY Rate,,,,,,,,,,,,,,,,,,,,,,,,Moon > Derivative Magnitude,South > Magnitude,Moon > Derivative Magnitude,Moon > Derivative Magnitude,Moon > Derivative Magnitude,Moon > Derivative Magnitude,Moon > Derivative Magnitude
,,,,,,,Model > q4,,J2000 > Declination of w,J2000 > Declination of w,J2000 > Declination of w,J2000 > Declination of w,J2000 > Declination of w,J2000 > Declination of w,J2000 > Declination of w,,,,,,,,,,Start Time Source CBF Location > Velocity Y,,,,,,,,,,,,,,,,,Attitude(Fixed) > DCM.XZ,,,,,,,,,,,,,,,,,,,,,,,,Moon > MagnitudeRate,South > Direction Angle,Moon > MagnitudeRate,Moon > MagnitudeRate,Moon > MagnitudeRate,Moon > MagnitudeRate,Moon > MagnitudeRate
,,,,,,,Model > wx,,J2000 > Eigen-Angle,J2000 > Eigen-Angle,J2000 > Eigen-Angle,J2000 > Eigen-Angle,J2000 > Eigen-Angle,J2000 > Eigen-Angle,J2000 > Eigen-Angle,,,,,,,,,,Start Time Source CBF Location > Velocity Z,,,,,,,,,,,,,,,,,Attitude(Fixed) > DCM.XZ Rate,,,,,,,,,,,,,,,,,,,,,,,,Moon > TransverseRate,South > Derivative 1-Axis Component,Moon > TransverseRate,Moon > TransverseRate,Moon > TransverseRate,Moon > TransverseRate,Moon > TransverseRate
,,,,,,,Model > wy,,J2000 > Eigen-Axis x,J2000 > Eigen-Axis x,J2000 > Eigen-Axis x,J2000 > Eigen-Axis x,J2000 > Eigen-Axis x,J2000 > Eigen-Axis x,J2000 > Eigen-Axis x,,,,,,,,,,Stop Time Source CBF Location > Time,,,,,,,,,,,,,,,,,Attitude(Fixed) > DCM.YX,,,,,,,,,,,,,,,,,,,,,,,,Moon > AngularRate,South > Derivative 2-Axis Component,Moon > AngularRate,Moon > AngularRate,Moon > AngularRate,Moon > AngularRate,Moon > AngularRate
,,,,,,,Model > wz,,J2000 > Eigen-Axis y,J2000 > Eigen-Axis y,J2000 > Eigen-Axis y,J2000 > Eigen-Axis y,J2000 > Eigen-Axis y,J2000 > Eigen-Axis y,J2000 > Eigen-Axis y,,,,,,,,,,Stop Time Source CBF Location > Latitude,,,,,,,,,,,,,,,,,Attitude(Fixed) > DCM.YX Rate,,,,,,,,,,,,,,,,,,,,,,,,Moonlight > Time,South > Derivative Magnitude,Moonlight > Time,Moonlight > Time,Moonlight > Time,Moonlight > Time,Moonlight > Time
,,,,,,,Model > w mag,,J2000 > Eigen-Axis z,J2000 > Eigen-Axis z,J2000 > Eigen-Axis z,J2000 > Eigen-Axis z,J2000 > Eigen-Axis z,J2000 > Eigen-Axis z,J2000 > Eigen-Axis z,,,,,,,,,,Stop Time Source CBF Location > Longitude,,,,,,,,,,,,,,,,,Attitude(Fixed) > DCM.YY,,,,,,,,,,,,,,,,,,,,,,,,Moonlight > x,South > Derivative Direction Angle,Moonlight > x,Moonlight > x,Moonlight > x,Moonlight > x,Moonlight > x
,,,,,,,Model > RightAscension of w,,J2000 > YPR321 yaw rate,J2000 > Yaw Rate,J2000 > Yaw Rate,J2000 > Yaw Rate,J2000 > Yaw Rate,J2000 > Yaw Rate,J2000 > Yaw Rate,,,,,,,,,,Stop Time Source CBF Location > Altitude,,,,,,,,,,,,,,,,,Attitude(Fixed) > DCM.YY Rate,,,,,,,,,,,,,,,,,,,,,,,,Moonlight > y,Sun > Time,Moonlight > y,Moonlight > y,Moonlight > y,Moonlight > y,Moonlight > y
,,,,,,,Model > Declination of w,,J2000 > YPR321 pitch rate,J2000 > Pitch Rate,J2000 > Pitch Rate,J2000 > Pitch Rate,J2000 > Pitch Rate,J2000 > Pitch Rate,J2000 > Pitch Rate,,,,,,,,,,Stop Time Source CBF Location > Position X,,,,,,,,,,,,,,,,,Attitude(Fixed) > DCM.YZ,,,,,,,,,,,,,,,,,,,,,,,,Moonlight > z,Sun > 1-Axis Component,Moonlight > z,Moonlight > z,Moonlight > z,Moonlight > z,Moonlight > z
,,,,,,,Model > Eigen-Angle,,J2000 > YPR321 roll rate,J2000 > Roll Rate,J2000 > Roll Rate,J2000 > Roll Rate,J2000 > Roll Rate,J2000 > Roll Rate,J2000 > Roll Rate,,,,,,,,,,Stop Time Source CBF Location > Position Y,,,,,,,,,,,,,,,,,Attitude(Fixed) > DCM.YZ Rate,,,,,,,,,,,,,,,,,,,,,,,,Moonlight > Magnitude,Sun > 2-Axis Component,Moonlight > Magnitude,Moonlight > Magnitude,Moonlight > Magnitude,Moonlight > Magnitude,Moonlight > Magnitude
,,,,,,,Model > Eigen-Axis x,,J2000 > Euler321 precession rate,J2000 > Euler321 precession rate,J2000 > Euler321 precession rate,J2000 > Euler321 precession rate,J2000 > Euler321 precession rate,J2000 > Euler321 precession rate,J2000 > Euler321 precession rate,,,,,,,,,,Stop Time Source CBF Location > Position Z,,,,,,,,,,,,,,,,,Attitude(Fixed) > DCM.ZX,,,,,,,,,,,,,,,,,,,,,,,,Moonlight > x/Magnitude,Sun > Magnitude,Moonlight > x/Magnitude,Moonlight > x/Magnitude,Moonlight > x/Magnitude,Moonlight > x/Magnitude,Moonlight > x/Magnitude
,,,,,,,Model > Eigen-Axis y,,J2000 > Euler321 nutation rate,J2000 > Euler321 nutation rate,J2000 > Euler321 nutation rate,J2000 > Euler321 nutation rate,J2000 > Euler321 nutation rate,J2000 > Euler321 nutation rate,J2000 > Euler321 nutation rate,,,,,,,,,,Stop Time Source CBF Location > Velocity X,,,,,,,,,,,,,,,,,Attitude(Fixed) > DCM.ZX Rate,,,,,,,,,,,,,,,,,,,,,,,,Moonlight > y/Magnitude,Sun > Direction Angle,Moonlight > y/Magnitude,Moonlight > y/Magnitude,Moonlight > y/Magnitude,Moonlight > y/Magnitude,Moonlight > y/Magnitude
,,,,,,,Model > Eigen-Axis z,,J2000 > Euler321 spin rate,J2000 > Euler321 spin rate,J2000 > Euler321 spin rate,J2000 > Euler321 spin rate,J2000 > Euler321 spin rate,J2000 > Euler321 spin rate,J2000 > Euler321 spin rate,,,,,,,,,,Stop Time Source CBF Location > Velocity Y,,,,,,,,,,,,,,,,,Attitude(Fixed) > DCM.ZY,,,,,,,,,,,,,,,,,,,,,,,,Moonlight > z/Magnitude,Sun > Derivative 1-Axis Component,Moonlight > z/Magnitude,Moonlight > z/Magnitude,Moonlight > z/Magnitude,Moonlight > z/Magnitude,Moonlight > z/Magnitude
,,,,,,,NorthEastDown > Time,,J2000 > Euler323 precession rate,J2000 > Euler323 precession rate,J2000 > Euler323 precession rate,J2000 > Euler323 precession rate,J2000 > Euler323 precession rate,J2000 > Euler323 precession rate,J2000 > Euler323 precession rate,,,,,,,,,,Stop Time Source CBF Location > Velocity Z,,,,,,,,,,,,,,,,,Attitude(Fixed) > DCM.ZY Rate,,,,,,,,,,,,,,,,,,,,,,,,Moonlight > RightAscension,Sun > Derivative 2-Axis Component,Moonlight > RightAscension,Moonlight > RightAscension,Moonlight > RightAscension,Moonlight > RightAscension,Moonlight > RightAscension
,,,,,,,NorthEastDown > YPR321 yaw,,J2000 > Euler323 nutation rate,J2000 > Euler323 nutation rate,J2000 > Euler323 nutation rate,J2000 > Euler323 nutation rate,J2000 > Euler323 nutation rate,J2000 > Euler323 nutation rate,J2000 > Euler323 nutation rate,,,,,,,,,,Start Time Target CBF Location > Time,,,,,,,,,,,,,,,,,Attitude(Fixed) > DCM.ZZ,,,,,,,,,,,,,,,,,,,,,,,,Moonlight > Declination,Sun > Derivative Magnitude,Moonlight > Declination,Moonlight > Declination,Moonlight > Declination,Moonlight > Declination,Moonlight > Declination
,,,,,,,NorthEastDown > YPR321 pitch,,J2000 > Euler323 spin rate,J2000 > Euler323 spin rate,J2000 > Euler323 spin rate,J2000 > Euler323 spin rate,J2000 > Euler323 spin rate,J2000 > Euler323 spin rate,J2000 > Euler323 spin rate,,,,,,,,,,Start Time Target CBF Location > Latitude,,,,,,,,,,,,,,,,,Attitude(Fixed) > DCM.ZZ Rate,,,,,,,,,,,,,,,,,,,,,,,,Moonlight > Co-Declination,Sun > Derivative Direction Angle,Moonlight > Co-Declination,Moonlight > Co-Declination,Moonlight > Co-Declination,Moonlight > Co-Declination,Moonlight > Co-Declination
,,,,,,,NorthEastDown > YPR321 roll,,Model > Time,Model > Time,Model > Time,Model > Time,Model > Time,Model > Time,Model > Time,,,,,,,,,,Start Time Target CBF Location > Longitude,,,,,,,,,,,,,,,,,Attitude(Fixed) > AngleAxis.X,,,,,,,,,,,,,,,,,,,,,,,,Moonlight > NegativeDeclination,Sunlight > Time,Moonlight > NegativeDeclination,Moonlight > NegativeDeclination,Moonlight > NegativeDeclination,Moonlight > NegativeDeclination,Moonlight > NegativeDeclination
,,,,,,,NorthEastDown > Euler321 precession,,Model > YPR321 yaw,Model > Yaw,Model > Yaw,Model > Yaw,Model > Yaw,Model > Yaw,Model > Yaw,,,,,,,,,,Start Time Target CBF Location > Altitude,,,,,,,,,,,,,,,,,Attitude(Fixed) > AngleAxis.X Rate,,,,,,,,,,,,,,,,,,,,,,,,Moonlight > DirectionAngle x,Sunlight > 1-Axis Component,Moonlight > DirectionAngle x,Moonlight > DirectionAngle x,Moonlight > DirectionAngle x,Moonlight > DirectionAngle x,Moonlight > DirectionAngle x
,,,,,,,NorthEastDown > Euler321 nutation,,Model > YPR321 pitch,Model > Pitch,Model > Pitch,Model > Pitch,Model > Pitch,Model > Pitch,Model > Pitch,,,,,,,,,,Start Time Target CBF Location > Position X,,,,,,,,,,,,,,,,,Attitude(Fixed) > AngleAxis.Y,,,,,,,,,,,,,,,,,,,,,,,,Moonlight > DirectionAngle y,Sunlight > 2-Axis Component,Moonlight > DirectionAngle y,Moonlight > DirectionAngle y,Moonlight > DirectionAngle y,Moonlight > DirectionAngle y,Moonlight > DirectionAngle y
,,,,,,,NorthEastDown > Euler321 spin,,Model > YPR321 roll,Model > Roll,Model > Roll,Model > Roll,Model > Roll,Model > Roll,Model > Roll,,,,,,,,,,Start Time Target CBF Location > Position Y,,,,,,,,,,,,,,,,,Attitude(Fixed) > AngleAxis.Y Rate,,,,,,,,,,,,,,,,,,,,,,,,Moonlight > DirectionAngle z,Sunlight > Magnitude,Moonlight > DirectionAngle z,Moonlight > DirectionAngle z,Moonlight > DirectionAngle z,Moonlight > DirectionAngle z,Moonlight > DirectionAngle z
,,,,,,,NorthEastDown > Euler323 precession,,Model > Euler321 precession,Model > Euler321 precession,Model > Euler321 precession,Model > Euler321 precession,Model > Euler321 precession,Model > Euler321 precession,Model > Euler321 precession,,,,,,,,,,Start Time Target CBF Location > Position Z,,,,,,,,,,,,,,,,,Attitude(Fixed) > AngleAxis.Z,,,,,,,,,,,,,,,,,,,,,,,,Moonlight > Derivative x,Sunlight > Direction Angle,Moonlight > Derivative x,Moonlight > Derivative x,Moonlight > Derivative x,Moonlight > Derivative x,Moonlight > Derivative x
,,,,,,,NorthEastDown > Euler323 nutation,,Model > Euler321 nutation,Model > Euler321 nutation,Model > Euler321 nutation,Model > Euler321 nutation,Model > Euler321 nutation,Model > Euler321 nutation,Model > Euler321 nutation,,,,,,,,,,Start Time Target CBF Location > Velocity X,,,,,,,,,,,,,,,,,Attitude(Fixed) > AngleAxis.Z Rate,,,,,,,,,,,,,,,,,,,,,,,,Moonlight > Derivative y,Sunlight > Derivative 1-Axis Component,Moonlight > Derivative y,Moonlight > Derivative y,Moonlight > Derivative y,Moonlight > Derivative y,Moonlight > Derivative y
,,,,,,,NorthEastDown > Euler323 spin,,Model > Euler321 spin,Model > Euler321 spin,Model > Euler321 spin,Model > Euler321 spin,Model > Euler321 spin,Model > Euler321 spin,Model > Euler321 spin,,,,,,,,,,Start Time Target CBF Location > Velocity Y,,,,,,,,,,,,,,,,,Attitude(Fixed) > AngleAxis.RotationAngle,,,,,,,,,,,,,,,,,,,,,,,,Moonlight > Derivative z,Sunlight > Derivative 2-Axis Component,Moonlight > Derivative z,Moonlight > Derivative z,Moonlight > Derivative z,Moonlight > Derivative z,Moonlight > Derivative z
,,,,,,,NorthEastDown > q1,,Model > Euler323 precession,Model > Euler323 precession,Model > Euler323 precession,Model > Euler323 precession,Model > Euler323 precession,Model > Euler323 precession,Model > Euler323 precession,,,,,,,,,,Start Time Target CBF Location > Velocity Z,,,,,,,,,,,,,,,,,Attitude(Fixed) > AngleAxis.RotationAngle Rate,,,,,,,,,,,,,,,,,,,,,,,,Moonlight > Derivative Magnitude,Sunlight > Derivative Magnitude,Moonlight > Derivative Magnitude,Moonlight > Derivative Magnitude,Moonlight > Derivative Magnitude,Moonlight > Derivative Magnitude,Moonlight > Derivative Magnitude
,,,,,,,NorthEastDown > q2,,Model > Euler323 nutation,Model > Euler323 nutation,Model > Euler323 nutation,Model > Euler323 nutation,Model > Euler323 nutation,Model > Euler323 nutation,Model > Euler323 nutation,,,,,,,,,,Stop Time Target CBF Location > Time,,,,,,,,,,,,,,,,,Attitude(ICRF) > Time,,,,,,,,,,,,,,,,,,,,,,,,Moonlight > MagnitudeRate,Sunlight > Derivative Direction Angle,Moonlight > MagnitudeRate,Moonlight > MagnitudeRate,Moonlight > MagnitudeRate,Moonlight > MagnitudeRate,Moonlight > MagnitudeRate
,,,,,,,NorthEastDown > q3,,Model > Euler323 spin,Model > Euler323 spin,Model > Euler323 spin,Model > Euler323 spin,Model > Euler323 spin,Model > Euler323 spin,Model > Euler323 spin,,,,,,,,,,Stop Time Target CBF Location > Latitude,,,,,,,,,,,,,,,,,Attitude(ICRF) > Quaternion.Q1,,,,,,,,,,,,,,,,,,,,,,,,Moonlight > TransverseRate,West > Time,Moonlight > TransverseRate,Moonlight > TransverseRate,Moonlight > TransverseRate,Moonlight > TransverseRate,Moonlight > TransverseRate
,,,,,,,NorthEastDown > q4,,Model > q1,Model > q1,Model > q1,Model > q1,Model > q1,Model > q1,Model > q1,,,,,,,,,,Stop Time Target CBF Location > Longitude,,,,,,,,,,,,,,,,,Attitude(ICRF) > Quaternion.Q1 Rate,,,,,,,,,,,,,,,,,,,,,,,,Moonlight > AngularRate,West > 1-Axis Component,Moonlight > AngularRate,Moonlight > AngularRate,Moonlight > AngularRate,Moonlight > AngularRate,Moonlight > AngularRate
,,,,,,,NorthEastDown > wx,,Model > q2,Model > q2,Model > q2,Model > q2,Model > q2,Model > q2,Model > q2,,,,,,,,,,Stop Time Target CBF Location > Altitude,,,,,,,,,,,,,,,,,Attitude(ICRF) > Quaternion.Q2,,,,,,,,,,,,,,,,,,,,,,,,MySatellite > Time,West > 2-Axis Component,MySatellite > Time,MySatellite > Time,MySatellite > Time,MySatellite > Time,MySatellite > Time
,,,,,,,NorthEastDown > wy,,Model > q3,Model > q3,Model > q3,Model > q3,Model > q3,Model > q3,Model > q3,,,,,,,,,,Stop Time Target CBF Location > Position X,,,,,,,,,,,,,,,,,Attitude(ICRF) > Quaternion.Q2 Rate,,,,,,,,,,,,,,,,,,,,,,,,MySatellite > x,West > Magnitude,MySatellite > x,MySatellite > x,MySatellite > x,MySatellite > x,MySatellite > x
,,,,,,,NorthEastDown > wz,,Model > q4,Model > q4,Model > q4,Model > q4,Model > q4,Model > q4,Model > q4,,,,,,,,,,Stop Time Target CBF Location > Position Y,,,,,,,,,,,,,,,,,Attitude(ICRF) > Quaternion.Q3,,,,,,,,,,,,,,,,,,,,,,,,MySatellite > y,West > Direction Angle,MySatellite > y,MySatellite > y,MySatellite > y,MySatellite > y,MySatellite > y
,,,,,,,NorthEastDown > w mag,,Model > wx,Model > wx,Model > wx,Model > wx,Model > wx,Model > wx,Model > wx,,,,,,,,,,Stop Time Target CBF Location > Position Z,,,,,,,,,,,,,,,,,Attitude(ICRF) > Quaternion.Q3 Rate,,,,,,,,,,,,,,,,,,,,,,,,MySatellite > z,West > Derivative 1-Axis Component,MySatellite > z,MySatellite > z,MySatellite > z,MySatellite > z,MySatellite > z
,,,,,,,NorthEastDown > RightAscension of w,,Model > wy,Model > wy,Model > wy,Model > wy,Model > wy,Model > wy,Model > wy,,,,,,,,,,Stop Time Target CBF Location > Velocity X,,,,,,,,,,,,,,,,,Attitude(ICRF) > Quaternion.Q4,,,,,,,,,,,,,,,,,,,,,,,,MySatellite > Magnitude,West > Derivative 2-Axis Component,MySatellite > Magnitude,MySatellite > Magnitude,MySatellite > Magnitude,MySatellite > Magnitude,MySatellite > Magnitude
,,,,,,,NorthEastDown > Declination of w,,Model > wz,Model > wz,Model > wz,Model > wz,Model > wz,Model > wz,Model > wz,,,,,,,,,,Stop Time Target CBF Location > Velocity Y,,,,,,,,,,,,,,,,,Attitude(ICRF) > Quaternion.Q4 Rate,,,,,,,,,,,,,,,,,,,,,,,,MySatellite > x/Magnitude,West > Derivative Magnitude,MySatellite > x/Magnitude,MySatellite > x/Magnitude,MySatellite > x/Magnitude,MySatellite > x/Magnitude,MySatellite > x/Magnitude
,,,,,,,NorthEastDown > Eigen-Angle,,Model > w mag,Model > w mag,Model > w mag,Model > w mag,Model > w mag,Model > w mag,Model > w mag,,,,,,,,,,Stop Time Target CBF Location > Velocity Z,,,,,,,,,,,,,,,,,Attitude(ICRF) > Euler.121.A,,,,,,,,,,,,,,,,,,,,,,,,MySatellite > y/Magnitude,West > Derivative Direction Angle,MySatellite > y/Magnitude,MySatellite > y/Magnitude,MySatellite > y/Magnitude,MySatellite > y/Magnitude,MySatellite > y/Magnitude
,,,,,,,NorthEastDown > Eigen-Axis x,,Model > RightAscension of w,Model > RightAscension of w,Model > RightAscension of w,Model > RightAscension of w,Model > RightAscension of w,Model > RightAscension of w,Model > RightAscension of w,,,,,,,,,,Start Time Source CBI Location > Time,,,,,,,,,,,,,,,,,Attitude(ICRF) > Euler.121.A Rate,,,,,,,,,,,,,,,,,,,,,,,,MySatellite > z/Magnitude,Zenith(Centric) > Time,MySatellite > z/Magnitude,MySatellite > z/Magnitude,MySatellite > z/Magnitude,MySatellite > z/Magnitude,MySatellite > z/Magnitude
,,,,,,,NorthEastDown > Eigen-Axis y,,Model > Declination of w,Model > Declination of w,Model > Declination of w,Model > Declination of w,Model > Declination of w,Model > Declination of w,Model > Declination of w,,,,,,,,,,Start Time Source CBI Location > Position X,,,,,,,,,,,,,,,,,Attitude(ICRF) > Euler.121.B,,,,,,,,,,,,,,,,,,,,,,,,MySatellite > RightAscension,Zenith(Centric) > 1-Axis Component,MySatellite > RightAscension,MySatellite > RightAscension,MySatellite > RightAscension,MySatellite > RightAscension,MySatellite > RightAscension
,,,,,,,NorthEastDown > Eigen-Axis z,,Model > Eigen-Angle,Model > Eigen-Angle,Model > Eigen-Angle,Model > Eigen-Angle,Model > Eigen-Angle,Model > Eigen-Angle,Model > Eigen-Angle,,,,,,,,,,Start Time Source CBI Location > Position Y,,,,,,,,,,,,,,,,,Attitude(ICRF) > Euler.121.B Rate,,,,,,,,,,,,,,,,,,,,,,,,MySatellite > Declination,Zenith(Centric) > 2-Axis Component,MySatellite > Declination,MySatellite > Declination,MySatellite > Declination,MySatellite > Declination,MySatellite > Declination
,,,,,,,NorthWestUp > Time,,Model > Eigen-Axis x,Model > Eigen-Axis x,Model > Eigen-Axis x,Model > Eigen-Axis x,Model > Eigen-Axis x,Model > Eigen-Axis x,Model > Eigen-Axis x,,,,,,,,,,Start Time Source CBI Location > Position Z,,,,,,,,,,,,,,,,,Attitude(ICRF) > Euler.121.C,,,,,,,,,,,,,,,,,,,,,,,,MySatellite > Co-Declination,Zenith(Centric) > Magnitude,MySatellite > Co-Declination,MySatellite > Co-Declination,MySatellite > Co-Declination,MySatellite > Co-Declination,MySatellite > Co-Declination
,,,,,,,NorthWestUp > YPR321 yaw,,Model > Eigen-Axis y,Model > Eigen-Axis y,Model > Eigen-Axis y,Model > Eigen-Axis y,Model > Eigen-Axis y,Model > Eigen-Axis y,Model > Eigen-Axis y,,,,,,,,,,Start Time Source CBI Location > Velocity X,,,,,,,,,,,,,,,,,Attitude(ICRF) > Euler.121.C Rate,,,,,,,,,,,,,,,,,,,,,,,,MySatellite > NegativeDeclination,Zenith(Centric) > Direction Angle,MySatellite > NegativeDeclination,MySatellite > NegativeDeclination,MySatellite > NegativeDeclination,MySatellite > NegativeDeclination,MySatellite > NegativeDeclination
,,,,,,,NorthWestUp > YPR321 pitch,,Model > Eigen-Axis z,Model > Eigen-Axis z,Model > Eigen-Axis z,Model > Eigen-Axis z,Model > Eigen-Axis z,Model > Eigen-Axis z,Model > Eigen-Axis z,,,,,,,,,,Start Time Source CBI Location > Velocity Y,,,,,,,,,,,,,,,,,Attitude(ICRF) > Euler.123.A,,,,,,,,,,,,,,,,,,,,,,,,MySatellite > DirectionAngle x,Zenith(Centric) > Derivative 1-Axis Component,MySatellite > DirectionAngle x,MySatellite > DirectionAngle x,MySatellite > DirectionAngle x,MySatellite > DirectionAngle x,MySatellite > DirectionAngle x
,,,,,,,NorthWestUp > YPR321 roll,,Model > YPR321 yaw rate,Model > Yaw Rate,Model > Yaw Rate,Model > Yaw Rate,Model > Yaw Rate,Model > Yaw Rate,Model > Yaw Rate,,,,,,,,,,Start Time Source CBI Location > Velocity Z,,,,,,,,,,,,,,,,,Attitude(ICRF) > Euler.123.A Rate,,,,,,,,,,,,,,,,,,,,,,,,MySatellite > DirectionAngle y,Zenith(Centric) > Derivative 2-Axis Component,MySatellite > DirectionAngle y,MySatellite > DirectionAngle y,MySatellite > DirectionAngle y,MySatellite > DirectionAngle y,MySatellite > DirectionAngle y
,,,,,,,NorthWestUp > Euler321 precession,,Model > YPR321 pitch rate,Model > Pitch Rate,Model > Pitch Rate,Model > Pitch Rate,Model > Pitch Rate,Model > Pitch Rate,Model > Pitch Rate,,,,,,,,,,Stop Time Source CBI Location > Time,,,,,,,,,,,,,,,,,Attitude(ICRF) > Euler.123.B,,,,,,,,,,,,,,,,,,,,,,,,MySatellite > DirectionAngle z,Zenith(Centric) > Derivative Magnitude,MySatellite > DirectionAngle z,MySatellite > DirectionAngle z,MySatellite > DirectionAngle z,MySatellite > DirectionAngle z,MySatellite > DirectionAngle z
,,,,,,,NorthWestUp > Euler321 nutation,,Model > YPR321 roll rate,Model > Roll Rate,Model > Roll Rate,Model > Roll Rate,Model > Roll Rate,Model > Roll Rate,Model > Roll Rate,,,,,,,,,,Stop Time Source CBI Location > Position X,,,,,,,,,,,,,,,,,Attitude(ICRF) > Euler.123.B Rate,,,,,,,,,,,,,,,,,,,,,,,,MySatellite > Derivative x,Zenith(Centric) > Derivative Direction Angle,MySatellite > Derivative x,MySatellite > Derivative x,MySatellite > Derivative x,MySatellite > Derivative x,MySatellite > Derivative x
,,,,,,,NorthWestUp > Euler321 spin,,Model > Euler321 precession rate,Model > Euler321 precession rate,Model > Euler321 precession rate,Model > Euler321 precession rate,Model > Euler321 precession rate,Model > Euler321 precession rate,Model > Euler321 precession rate,,,,,,,,,,Stop Time Source CBI Location > Position Y,,,,,,,,,,,,,,,,,Attitude(ICRF) > Euler.123.C,,,,,,,,,,,,,,,,,,,,,,,,MySatellite > Derivative y,Zenith(Detic) > Time,MySatellite > Derivative y,MySatellite > Derivative y,MySatellite > Derivative y,MySatellite > Derivative y,MySatellite > Derivative y
,,,,,,,NorthWestUp > Euler323 precession,,Model > Euler321 nutation rate,Model > Euler321 nutation rate,Model > Euler321 nutation rate,Model > Euler321 nutation rate,Model > Euler321 nutation rate,Model > Euler321 nutation rate,Model > Euler321 nutation rate,,,,,,,,,,Stop Time Source CBI Location > Position Z,,,,,,,,,,,,,,,,,Attitude(ICRF) > Euler.123.C Rate,,,,,,,,,,,,,,,,,,,,,,,,MySatellite > Derivative z,Zenith(Detic) > 1-Axis Component,MySatellite > Derivative z,MySatellite > Derivative z,MySatellite > Derivative z,MySatellite > Derivative z,MySatellite > Derivative z
,,,,,,,NorthWestUp > Euler323 nutation,,Model > Euler321 spin rate,Model > Euler321 spin rate,Model > Euler321 spin rate,Model > Euler321 spin rate,Model > Euler321 spin rate,Model > Euler321 spin rate,Model > Euler321 spin rate,,,,,,,,,,Stop Time Source CBI Location > Velocity X,,,,,,,,,,,,,,,,,Attitude(ICRF) > Euler.131.A,,,,,,,,,,,,,,,,,,,,,,,,MySatellite > Derivative Magnitude,Zenith(Detic) > 2-Axis Component,MySatellite > Derivative Magnitude,MySatellite > Derivative Magnitude,MySatellite > Derivative Magnitude,MySatellite > Derivative Magnitude,MySatellite > Derivative Magnitude
,,,,,,,NorthWestUp > Euler323 spin,,Model > Euler323 precession rate,Model > Euler323 precession rate,Model > Euler323 precession rate,Model > Euler323 precession rate,Model > Euler323 precession rate,Model > Euler323 precession rate,Model > Euler323 precession rate,,,,,,,,,,Stop Time Source CBI Location > Velocity Y,,,,,,,,,,,,,,,,,Attitude(ICRF) > Euler.131.A Rate,,,,,,,,,,,,,,,,,,,,,,,,MySatellite > MagnitudeRate,Zenith(Detic) > Magnitude,MySatellite > MagnitudeRate,MySatellite > MagnitudeRate,MySatellite > MagnitudeRate,MySatellite > MagnitudeRate,MySatellite > MagnitudeRate
,,,,,,,NorthWestUp > q1,,Model > Euler323 nutation rate,Model > Euler323 nutation rate,Model > Euler323 nutation rate,Model > Euler323 nutation rate,Model > Euler323 nutation rate,Model > Euler323 nutation rate,Model > Euler323 nutation rate,,,,,,,,,,Stop Time Source CBI Location > Velocity Z,,,,,,,,,,,,,,,,,Attitude(ICRF) > Euler.131.B,,,,,,,,,,,,,,,,,,,,,,,,MySatellite > TransverseRate,Zenith(Detic) > Direction Angle,MySatellite > TransverseRate,MySatellite > TransverseRate,MySatellite > TransverseRate,MySatellite > TransverseRate,MySatellite > TransverseRate
,,,,,,,NorthWestUp > q2,,Model > Euler323 spin rate,Model > Euler323 spin rate,Model > Euler323 spin rate,Model > Euler323 spin rate,Model > Euler323 spin rate,Model > Euler323 spin rate,Model > Euler323 spin rate,,,,,,,,,,Start Time Target CBI Location > Time,,,,,,,,,,,,,,,,,Attitude(ICRF) > Euler.131.B Rate,,,,,,,,,,,,,,,,,,,,,,,,MySatellite > AngularRate,Zenith(Detic) > Derivative 1-Axis Component,MySatellite > AngularRate,MySatellite > AngularRate,MySatellite > AngularRate,MySatellite > AngularRate,MySatellite > AngularRate
,,,,,,,NorthWestUp > q3,,NorthEastDown > Time,NorthEastDown > Time,NorthEastDown > Time,NorthEastDown > Time,NorthEastDown > Time,NorthEastDown > Time,NorthEastDown > Time,,,,,,,,,,Start Time Target CBI Location > Position X,,,,,,,,,,,,,,,,,Attitude(ICRF) > Euler.131.C,,,,,,,,,,,,,,,,,,,,,,,,Nadir(Detic) > Time,Zenith(Detic) > Derivative 2-Axis Component,Nadir(Detic) > Time,Nadir(Detic) > Time,Nadir(Detic) > Time,Nadir(Detic) > Time,Nadir(Detic) > Time
,,,,,,,NorthWestUp > q4,,NorthEastDown > YPR321 yaw,NorthEastDown > Yaw,NorthEastDown > Yaw,NorthEastDown > Yaw,NorthEastDown > Yaw,NorthEastDown > Yaw,NorthEastDown > Yaw,,,,,,,,,,Start Time Target CBI Location > Position Y,,,,,,,,,,,,,,,,,Attitude(ICRF) > Euler.131.C Rate,,,,,,,,,,,,,,,,,,,,,,,,Nadir(Detic) > x,Zenith(Detic) > Derivative Magnitude,Nadir(Detic) > x,Nadir(Detic) > x,Nadir(Detic) > x,Nadir(Detic) > x,Nadir(Detic) > x
,,,,,,,NorthWestUp > wx,,NorthEastDown > YPR321 pitch,NorthEastDown > Pitch,NorthEastDown > Pitch,NorthEastDown > Pitch,NorthEastDown > Pitch,NorthEastDown > Pitch,NorthEastDown > Pitch,,,,,,,,,,Start Time Target CBI Location > Position Z,,,,,,,,,,,,,,,,,Attitude(ICRF) > Euler.132.A,,,,,,,,,,,,,,,,,,,,,,,,Nadir(Detic) > y,Zenith(Detic) > Derivative Direction Angle,Nadir(Detic) > y,Nadir(Detic) > y,Nadir(Detic) > y,Nadir(Detic) > y,Nadir(Detic) > y
,,,,,,,NorthWestUp > wy,,NorthEastDown > YPR321 roll,NorthEastDown > Roll,NorthEastDown > Roll,NorthEastDown > Roll,NorthEastDown > Roll,NorthEastDown > Roll,NorthEastDown > Roll,,,,,,,,,,Start Time Target CBI Location > Velocity X,,,,,,,,,,,,,,,,,Attitude(ICRF) > Euler.132.A Rate,,,,,,,,,,,,,,,,,,,,,,,,Nadir(Detic) > z,,Nadir(Detic) > z,Nadir(Detic) > z,Nadir(Detic) > z,Nadir(Detic) > z,Nadir(Detic) > z
,,,,,,,NorthWestUp > wz,,NorthEastDown > Euler321 precession,NorthEastDown > Euler321 precession,NorthEastDown > Euler321 precession,NorthEastDown > Euler321 precession,NorthEastDown > Euler321 precession,NorthEastDown > Euler321 precession,NorthEastDown > Euler321 precession,,,,,,,,,,Start Time Target CBI Location > Velocity Y,,,,,,,,,,,,,,,,,Attitude(ICRF) > Euler.132.B,,,,,,,,,,,,,,,,,,,,,,,,Nadir(Detic) > Magnitude,,Nadir(Detic) > Magnitude,Nadir(Detic) > Magnitude,Nadir(Detic) > Magnitude,Nadir(Detic) > Magnitude,Nadir(Detic) > Magnitude
,,,,,,,NorthWestUp > w mag,,NorthEastDown > Euler321 nutation,NorthEastDown > Euler321 nutation,NorthEastDown > Euler321 nutation,NorthEastDown > Euler321 nutation,NorthEastDown > Euler321 nutation,NorthEastDown > Euler321 nutation,NorthEastDown > Euler321 nutation,,,,,,,,,,Start Time Target CBI Location > Velocity Z,,,,,,,,,,,,,,,,,Attitude(ICRF) > Euler.132.B Rate,,,,,,,,,,,,,,,,,,,,,,,,Nadir(Detic) > x/Magnitude,,Nadir(Detic) > x/Magnitude,Nadir(Detic) > x/Magnitude,Nadir(Detic) > x/Magnitude,Nadir(Detic) > x/Magnitude,Nadir(Detic) > x/Magnitude
,,,,,,,NorthWestUp > RightAscension of w,,NorthEastDown > Euler321 spin,NorthEastDown > Euler321 spin,NorthEastDown > Euler321 spin,NorthEastDown > Euler321 spin,NorthEastDown > Euler321 spin,NorthEastDown > Euler321 spin,NorthEastDown > Euler321 spin,,,,,,,,,,Stop Time Target CBI Location > Time,,,,,,,,,,,,,,,,,Attitude(ICRF) > Euler.132.C,,,,,,,,,,,,,,,,,,,,,,,,Nadir(Detic) > y/Magnitude,,Nadir(Detic) > y/Magnitude,Nadir(Detic) > y/Magnitude,Nadir(Detic) > y/Magnitude,Nadir(Detic) > y/Magnitude,Nadir(Detic) > y/Magnitude
,,,,,,,NorthWestUp > Declination of w,,NorthEastDown > Euler323 precession,NorthEastDown > Euler323 precession,NorthEastDown > Euler323 precession,NorthEastDown > Euler323 precession,NorthEastDown > Euler323 precession,NorthEastDown > Euler323 precession,NorthEastDown > Euler323 precession,,,,,,,,,,Stop Time Target CBI Location > Position X,,,,,,,,,,,,,,,,,Attitude(ICRF) > Euler.132.C Rate,,,,,,,,,,,,,,,,,,,,,,,,Nadir(Detic) > z/Magnitude,,Nadir(Detic) > z/Magnitude,Nadir(Detic) > z/Magnitude,Nadir(Detic) > z/Magnitude,Nadir(Detic) > z/Magnitude,Nadir(Detic) > z/Magnitude
,,,,,,,NorthWestUp > Eigen-Angle,,NorthEastDown > Euler323 nutation,NorthEastDown > Euler323 nutation,NorthEastDown > Euler323 nutation,NorthEastDown > Euler323 nutation,NorthEastDown > Euler323 nutation,NorthEastDown > Euler323 nutation,NorthEastDown > Euler323 nutation,,,,,,,,,,Stop Time Target CBI Location > Position Y,,,,,,,,,,,,,,,,,Attitude(ICRF) > Euler.212.A,,,,,,,,,,,,,,,,,,,,,,,,Nadir(Detic) > RightAscension,,Nadir(Detic) > RightAscension,Nadir(Detic) > RightAscension,Nadir(Detic) > RightAscension,Nadir(Detic) > RightAscension,Nadir(Detic) > RightAscension
,,,,,,,NorthWestUp > Eigen-Axis x,,NorthEastDown > Euler323 spin,NorthEastDown > Euler323 spin,NorthEastDown > Euler323 spin,NorthEastDown > Euler323 spin,NorthEastDown > Euler323 spin,NorthEastDown > Euler323 spin,NorthEastDown > Euler323 spin,,,,,,,,,,Stop Time Target CBI Location > Position Z,,,,,,,,,,,,,,,,,Attitude(ICRF) > Euler.212.A Rate,,,,,,,,,,,,,,,,,,,,,,,,Nadir(Detic) > Declination,,Nadir(Detic) > Declination,Nadir(Detic) > Declination,Nadir(Detic) > Declination,Nadir(Detic) > Declination,Nadir(Detic) > Declination
,,,,,,,NorthWestUp > Eigen-Axis y,,NorthEastDown > q1,NorthEastDown > q1,NorthEastDown > q1,NorthEastDown > q1,NorthEastDown > q1,NorthEastDown > q1,NorthEastDown > q1,,,,,,,,,,Stop Time Target CBI Location > Velocity X,,,,,,,,,,,,,,,,,Attitude(ICRF) > Euler.212.B,,,,,,,,,,,,,,,,,,,,,,,,Nadir(Detic) > Co-Declination,,Nadir(Detic) > Co-Declination,Nadir(Detic) > Co-Declination,Nadir(Detic) > Co-Declination,Nadir(Detic) > Co-Declination,Nadir(Detic) > Co-Declination
,,,,,,,NorthWestUp > Eigen-Axis z,,NorthEastDown > q2,NorthEastDown > q2,NorthEastDown > q2,NorthEastDown > q2,NorthEastDown > q2,NorthEastDown > q2,NorthEastDown > q2,,,,,,,,,,Stop Time Target CBI Location > Velocity Y,,,,,,,,,,,,,,,,,Attitude(ICRF) > Euler.212.B Rate,,,,,,,,,,,,,,,,,,,,,,,,Nadir(Detic) > NegativeDeclination,,Nadir(Detic) > NegativeDeclination,Nadir(Detic) > NegativeDeclination,Nadir(Detic) > NegativeDeclination,Nadir(Detic) > NegativeDeclination,Nadir(Detic) > NegativeDeclination
,,,,,,,RadialCentric > Time,,NorthEastDown > q3,NorthEastDown > q3,NorthEastDown > q3,NorthEastDown > q3,NorthEastDown > q3,NorthEastDown > q3,NorthEastDown > q3,,,,,,,,,,Stop Time Target CBI Location > Velocity Z,,,,,,,,,,,,,,,,,Attitude(ICRF) > Euler.212.C,,,,,,,,,,,,,,,,,,,,,,,,Nadir(Detic) > DirectionAngle x,,Nadir(Detic) > DirectionAngle x,Nadir(Detic) > DirectionAngle x,Nadir(Detic) > DirectionAngle x,Nadir(Detic) > DirectionAngle x,Nadir(Detic) > DirectionAngle x
,,,,,,,RadialCentric > YPR321 yaw,,NorthEastDown > q4,NorthEastDown > q4,NorthEastDown > q4,NorthEastDown > q4,NorthEastDown > q4,NorthEastDown > q4,NorthEastDown > q4,,,,,,,,,,,,,,,,,,,,,,,,,,,Attitude(ICRF) > Euler.212.C Rate,,,,,,,,,,,,,,,,,,,,,,,,Nadir(Detic) > DirectionAngle y,,Nadir(Detic) > DirectionAngle y,Nadir(Detic) > DirectionAngle y,Nadir(Detic) > DirectionAngle y,Nadir(Detic) > DirectionAngle y,Nadir(Detic) > DirectionAngle y
,,,,,,,RadialCentric > YPR321 pitch,,NorthEastDown > wx,NorthEastDown > wx,NorthEastDown > wx,NorthEastDown > wx,NorthEastDown > wx,NorthEastDown > wx,NorthEastDown > wx,,,,,,,,,,,,,,,,,,,,,,,,,,,Attitude(ICRF) > Euler.213.A,,,,,,,,,,,,,,,,,,,,,,,,Nadir(Detic) > DirectionAngle z,,Nadir(Detic) > DirectionAngle z,Nadir(Detic) > DirectionAngle z,Nadir(Detic) > DirectionAngle z,Nadir(Detic) > DirectionAngle z,Nadir(Detic) > DirectionAngle z
,,,,,,,RadialCentric > YPR321 roll,,NorthEastDown > wy,NorthEastDown > wy,NorthEastDown > wy,NorthEastDown > wy,NorthEastDown > wy,NorthEastDown > wy,NorthEastDown > wy,,,,,,,,,,,,,,,,,,,,,,,,,,,Attitude(ICRF) > Euler.213.A Rate,,,,,,,,,,,,,,,,,,,,,,,,Nadir(Detic) > Derivative x,,Nadir(Detic) > Derivative x,Nadir(Detic) > Derivative x,Nadir(Detic) > Derivative x,Nadir(Detic) > Derivative x,Nadir(Detic) > Derivative x
,,,,,,,RadialCentric > Euler321 precession,,NorthEastDown > wz,NorthEastDown > wz,NorthEastDown > wz,NorthEastDown > wz,NorthEastDown > wz,NorthEastDown > wz,NorthEastDown > wz,,,,,,,,,,,,,,,,,,,,,,,,,,,Attitude(ICRF) > Euler.213.B,,,,,,,,,,,,,,,,,,,,,,,,Nadir(Detic) > Derivative y,,Nadir(Detic) > Derivative y,Nadir(Detic) > Derivative y,Nadir(Detic) > Derivative y,Nadir(Detic) > Derivative y,Nadir(Detic) > Derivative y
,,,,,,,RadialCentric > Euler321 nutation,,NorthEastDown > w mag,NorthEastDown > w mag,NorthEastDown > w mag,NorthEastDown > w mag,NorthEastDown > w mag,NorthEastDown > w mag,NorthEastDown > w mag,,,,,,,,,,,,,,,,,,,,,,,,,,,Attitude(ICRF) > Euler.213.B Rate,,,,,,,,,,,,,,,,,,,,,,,,Nadir(Detic) > Derivative z,,Nadir(Detic) > Derivative z,Nadir(Detic) > Derivative z,Nadir(Detic) > Derivative z,Nadir(Detic) > Derivative z,Nadir(Detic) > Derivative z
,,,,,,,RadialCentric > Euler321 spin,,NorthEastDown > RightAscension of w,NorthEastDown > RightAscension of w,NorthEastDown > RightAscension of w,NorthEastDown > RightAscension of w,NorthEastDown > RightAscension of w,NorthEastDown > RightAscension of w,NorthEastDown > RightAscension of w,,,,,,,,,,,,,,,,,,,,,,,,,,,Attitude(ICRF) > Euler.213.C,,,,,,,,,,,,,,,,,,,,,,,,Nadir(Detic) > Derivative Magnitude,,Nadir(Detic) > Derivative Magnitude,Nadir(Detic) > Derivative Magnitude,Nadir(Detic) > Derivative Magnitude,Nadir(Detic) > Derivative Magnitude,Nadir(Detic) > Derivative Magnitude
,,,,,,,RadialCentric > Euler323 precession,,NorthEastDown > Declination of w,NorthEastDown > Declination of w,NorthEastDown > Declination of w,NorthEastDown > Declination of w,NorthEastDown > Declination of w,NorthEastDown > Declination of w,NorthEastDown > Declination of w,,,,,,,,,,,,,,,,,,,,,,,,,,,Attitude(ICRF) > Euler.213.C Rate,,,,,,,,,,,,,,,,,,,,,,,,Nadir(Detic) > MagnitudeRate,,Nadir(Detic) > MagnitudeRate,Nadir(Detic) > MagnitudeRate,Nadir(Detic) > MagnitudeRate,Nadir(Detic) > MagnitudeRate,Nadir(Detic) > MagnitudeRate
,,,,,,,RadialCentric > Euler323 nutation,,NorthEastDown > Eigen-Angle,NorthEastDown > Eigen-Angle,NorthEastDown > Eigen-Angle,NorthEastDown > Eigen-Angle,NorthEastDown > Eigen-Angle,NorthEastDown > Eigen-Angle,NorthEastDown > Eigen-Angle,,,,,,,,,,,,,,,,,,,,,,,,,,,Attitude(ICRF) > Euler.231.A,,,,,,,,,,,,,,,,,,,,,,,,Nadir(Detic) > TransverseRate,,Nadir(Detic) > TransverseRate,Nadir(Detic) > TransverseRate,Nadir(Detic) > TransverseRate,Nadir(Detic) > TransverseRate,Nadir(Detic) > TransverseRate
,,,,,,,RadialCentric > Euler323 spin,,NorthEastDown > Eigen-Axis x,NorthEastDown > Eigen-Axis x,NorthEastDown > Eigen-Axis x,NorthEastDown > Eigen-Axis x,NorthEastDown > Eigen-Axis x,NorthEastDown > Eigen-Axis x,NorthEastDown > Eigen-Axis x,,,,,,,,,,,,,,,,,,,,,,,,,,,Attitude(ICRF) > Euler.231.A Rate,,,,,,,,,,,,,,,,,,,,,,,,Nadir(Detic) > AngularRate,,Nadir(Detic) > AngularRate,Nadir(Detic) > AngularRate,Nadir(Detic) > AngularRate,Nadir(Detic) > AngularRate,Nadir(Detic) > AngularRate
,,,,,,,RadialCentric > q1,,NorthEastDown > Eigen-Axis y,NorthEastDown > Eigen-Axis y,NorthEastDown > Eigen-Axis y,NorthEastDown > Eigen-Axis y,NorthEastDown > Eigen-Axis y,NorthEastDown > Eigen-Axis y,NorthEastDown > Eigen-Axis y,,,,,,,,,,,,,,,,,,,,,,,,,,,Attitude(ICRF) > Euler.231.B,,,,,,,,,,,,,,,,,,,,,,,,North > Time,,North > Time,North > Time,North > Time,North > Time,North > Time
,,,,,,,RadialCentric > q2,,NorthEastDown > Eigen-Axis z,NorthEastDown > Eigen-Axis z,NorthEastDown > Eigen-Axis z,NorthEastDown > Eigen-Axis z,NorthEastDown > Eigen-Axis z,NorthEastDown > Eigen-Axis z,NorthEastDown > Eigen-Axis z,,,,,,,,,,,,,,,,,,,,,,,,,,,Attitude(ICRF) > Euler.231.B Rate,,,,,,,,,,,,,,,,,,,,,,,,North > x,,North > x,North > x,North > x,North > x,North > x
,,,,,,,RadialCentric > q3,,NorthEastDown > YPR321 yaw rate,NorthEastDown > Yaw Rate,NorthEastDown > Yaw Rate,NorthEastDown > Yaw Rate,NorthEastDown > Yaw Rate,NorthEastDown > Yaw Rate,NorthEastDown > Yaw Rate,,,,,,,,,,,,,,,,,,,,,,,,,,,Attitude(ICRF) > Euler.231.C,,,,,,,,,,,,,,,,,,,,,,,,North > y,,North > y,North > y,North > y,North > y,North > y
,,,,,,,RadialCentric > q4,,NorthEastDown > YPR321 pitch rate,NorthEastDown > Pitch Rate,NorthEastDown > Pitch Rate,NorthEastDown > Pitch Rate,NorthEastDown > Pitch Rate,NorthEastDown > Pitch Rate,NorthEastDown > Pitch Rate,,,,,,,,,,,,,,,,,,,,,,,,,,,Attitude(ICRF) > Euler.231.C Rate,,,,,,,,,,,,,,,,,,,,,,,,North > z,,North > z,North > z,North > z,North > z,North > z
,,,,,,,RadialCentric > wx,,NorthEastDown > YPR321 roll rate,NorthEastDown > Roll Rate,NorthEastDown > Roll Rate,NorthEastDown > Roll Rate,NorthEastDown > Roll Rate,NorthEastDown > Roll Rate,NorthEastDown > Roll Rate,,,,,,,,,,,,,,,,,,,,,,,,,,,Attitude(ICRF) > Euler.232.A,,,,,,,,,,,,,,,,,,,,,,,,North > Magnitude,,North > Magnitude,North > Magnitude,North > Magnitude,North > Magnitude,North > Magnitude
,,,,,,,RadialCentric > wy,,NorthEastDown > Euler321 precession rate,NorthEastDown > Euler321 precession rate,NorthEastDown > Euler321 precession rate,NorthEastDown > Euler321 precession rate,NorthEastDown > Euler321 precession rate,NorthEastDown > Euler321 precession rate,NorthEastDown > Euler321 precession rate,,,,,,,,,,,,,,,,,,,,,,,,,,,Attitude(ICRF) > Euler.232.A Rate,,,,,,,,,,,,,,,,,,,,,,,,North > x/Magnitude,,North > x/Magnitude,North > x/Magnitude,North > x/Magnitude,North > x/Magnitude,North > x/Magnitude
,,,,,,,RadialCentric > wz,,NorthEastDown > Euler321 nutation rate,NorthEastDown > Euler321 nutation rate,NorthEastDown > Euler321 nutation rate,NorthEastDown > Euler321 nutation rate,NorthEastDown > Euler321 nutation rate,NorthEastDown > Euler321 nutation rate,NorthEastDown > Euler321 nutation rate,,,,,,,,,,,,,,,,,,,,,,,,,,,Attitude(ICRF) > Euler.232.B,,,,,,,,,,,,,,,,,,,,,,,,North > y/Magnitude,,North > y/Magnitude,North > y/Magnitude,North > y/Magnitude,North > y/Magnitude,North > y/Magnitude
,,,,,,,RadialCentric > w mag,,NorthEastDown > Euler321 spin rate,NorthEastDown > Euler321 spin rate,NorthEastDown > Euler321 spin rate,NorthEastDown > Euler321 spin rate,NorthEastDown > Euler321 spin rate,NorthEastDown > Euler321 spin rate,NorthEastDown > Euler321 spin rate,,,,,,,,,,,,,,,,,,,,,,,,,,,Attitude(ICRF) > Euler.232.B Rate,,,,,,,,,,,,,,,,,,,,,,,,North > z/Magnitude,,North > z/Magnitude,North > z/Magnitude,North > z/Magnitude,North > z/Magnitude,North > z/Magnitude
,,,,,,,RadialCentric > RightAscension of w,,NorthEastDown > Euler323 precession rate,NorthEastDown > Euler323 precession rate,NorthEastDown > Euler323 precession rate,NorthEastDown > Euler323 precession rate,NorthEastDown > Euler323 precession rate,NorthEastDown > Euler323 precession rate,NorthEastDown > Euler323 precession rate,,,,,,,,,,,,,,,,,,,,,,,,,,,Attitude(ICRF) > Euler.232.C,,,,,,,,,,,,,,,,,,,,,,,,North > RightAscension,,North > RightAscension,North > RightAscension,North > RightAscension,North > RightAscension,North > RightAscension
,,,,,,,RadialCentric > Declination of w,,NorthEastDown > Euler323 nutation rate,NorthEastDown > Euler323 nutation rate,NorthEastDown > Euler323 nutation rate,NorthEastDown > Euler323 nutation rate,NorthEastDown > Euler323 nutation rate,NorthEastDown > Euler323 nutation rate,NorthEastDown > Euler323 nutation rate,,,,,,,,,,,,,,,,,,,,,,,,,,,Attitude(ICRF) > Euler.232.C Rate,,,,,,,,,,,,,,,,,,,,,,,,North > Declination,,North > Declination,North > Declination,North > Declination,North > Declination,North > Declination
,,,,,,,RadialCentric > Eigen-Angle,,NorthEastDown > Euler323 spin rate,NorthEastDown > Euler323 spin rate,NorthEastDown > Euler323 spin rate,NorthEastDown > Euler323 spin rate,NorthEastDown > Euler323 spin rate,NorthEastDown > Euler323 spin rate,NorthEastDown > Euler323 spin rate,,,,,,,,,,,,,,,,,,,,,,,,,,,Attitude(ICRF) > Euler.312.A,,,,,,,,,,,,,,,,,,,,,,,,North > Co-Declination,,North > Co-Declination,North > Co-Declination,North > Co-Declination,North > Co-Declination,North > Co-Declination
,,,,,,,RadialCentric > Eigen-Axis x,,NorthWestUp > Time,NorthWestUp > Time,NorthWestUp > Time,NorthWestUp > Time,NorthWestUp > Time,NorthWestUp > Time,NorthWestUp > Time,,,,,,,,,,,,,,,,,,,,,,,,,,,Attitude(ICRF) > Euler.312.A Rate,,,,,,,,,,,,,,,,,,,,,,,,North > NegativeDeclination,,North > NegativeDeclination,North > NegativeDeclination,North > NegativeDeclination,North > NegativeDeclination,North > NegativeDeclination
,,,,,,,RadialCentric > Eigen-Axis y,,NorthWestUp > YPR321 yaw,NorthWestUp > Yaw,NorthWestUp > Yaw,NorthWestUp > Yaw,NorthWestUp > Yaw,NorthWestUp > Yaw,NorthWestUp > Yaw,,,,,,,,,,,,,,,,,,,,,,,,,,,Attitude(ICRF) > Euler.312.B,,,,,,,,,,,,,,,,,,,,,,,,North > DirectionAngle x,,North > DirectionAngle x,North > DirectionAngle x,North > DirectionAngle x,North > DirectionAngle x,North > DirectionAngle x
,,,,,,,RadialCentric > Eigen-Axis z,,NorthWestUp > YPR321 pitch,NorthWestUp > Pitch,NorthWestUp > Pitch,NorthWestUp > Pitch,NorthWestUp > Pitch,NorthWestUp > Pitch,NorthWestUp > Pitch,,,,,,,,,,,,,,,,,,,,,,,,,,,Attitude(ICRF) > Euler.312.B Rate,,,,,,,,,,,,,,,,,,,,,,,,North > DirectionAngle y,,North > DirectionAngle y,North > DirectionAngle y,North > DirectionAngle y,North > DirectionAngle y,North > DirectionAngle y
,,,,,,,TopoCentric > Time,,NorthWestUp > YPR321 roll,NorthWestUp > Roll,NorthWestUp > Roll,NorthWestUp > Roll,NorthWestUp > Roll,NorthWestUp > Roll,NorthWestUp > Roll,,,,,,,,,,,,,,,,,,,,,,,,,,,Attitude(ICRF) > Euler.312.C,,,,,,,,,,,,,,,,,,,,,,,,North > DirectionAngle z,,North > DirectionAngle z,North > DirectionAngle z,North > DirectionAngle z,North > DirectionAngle z,North > DirectionAngle z
,,,,,,,TopoCentric > YPR321 yaw,,NorthWestUp > Euler321 precession,NorthWestUp > Euler321 precession,NorthWestUp > Euler321 precession,NorthWestUp > Euler321 precession,NorthWestUp > Euler321 precession,NorthWestUp > Euler321 precession,NorthWestUp > Euler321 precession,,,,,,,,,,,,,,,,,,,,,,,,,,,Attitude(ICRF) > Euler.312.C Rate,,,,,,,,,,,,,,,,,,,,,,,,North > Derivative x,,North > Derivative x,North > Derivative x,North > Derivative x,North > Derivative x,North > Derivative x
,,,,,,,TopoCentric > YPR321 pitch,,NorthWestUp > Euler321 nutation,NorthWestUp > Euler321 nutation,NorthWestUp > Euler321 nutation,NorthWestUp > Euler321 nutation,NorthWestUp > Euler321 nutation,NorthWestUp > Euler321 nutation,NorthWestUp > Euler321 nutation,,,,,,,,,,,,,,,,,,,,,,,,,,,Attitude(ICRF) > Euler.313.A,,,,,,,,,,,,,,,,,,,,,,,,North > Derivative y,,North > Derivative y,North > Derivative y,North > Derivative y,North > Derivative y,North > Derivative y
,,,,,,,TopoCentric > YPR321 roll,,NorthWestUp > Euler321 spin,NorthWestUp > Euler321 spin,NorthWestUp > Euler321 spin,NorthWestUp > Euler321 spin,NorthWestUp > Euler321 spin,NorthWestUp > Euler321 spin,NorthWestUp > Euler321 spin,,,,,,,,,,,,,,,,,,,,,,,,,,,Attitude(ICRF) > Euler.313.A Rate,,,,,,,,,,,,,,,,,,,,,,,,North > Derivative z,,North > Derivative z,North > Derivative z,North > Derivative z,North > Derivative z,North > Derivative z
,,,,,,,TopoCentric > Euler321 precession,,NorthWestUp > Euler323 precession,NorthWestUp > Euler323 precession,NorthWestUp > Euler323 precession,NorthWestUp > Euler323 precession,NorthWestUp > Euler323 precession,NorthWestUp > Euler323 precession,NorthWestUp > Euler323 precession,,,,,,,,,,,,,,,,,,,,,,,,,,,Attitude(ICRF) > Euler.313.B,,,,,,,,,,,,,,,,,,,,,,,,North > Derivative Magnitude,,North > Derivative Magnitude,North > Derivative Magnitude,North > Derivative Magnitude,North > Derivative Magnitude,North > Derivative Magnitude
,,,,,,,TopoCentric > Euler321 nutation,,NorthWestUp > Euler323 nutation,NorthWestUp > Euler323 nutation,NorthWestUp > Euler323 nutation,NorthWestUp > Euler323 nutation,NorthWestUp > Euler323 nutation,NorthWestUp > Euler323 nutation,NorthWestUp > Euler323 nutation,,,,,,,,,,,,,,,,,,,,,,,,,,,Attitude(ICRF) > Euler.313.B Rate,,,,,,,,,,,,,,,,,,,,,,,,North > MagnitudeRate,,North > MagnitudeRate,North > MagnitudeRate,North > MagnitudeRate,North > MagnitudeRate,North > MagnitudeRate
,,,,,,,TopoCentric > Euler321 spin,,NorthWestUp > Euler323 spin,NorthWestUp > Euler323 spin,NorthWestUp > Euler323 spin,NorthWestUp > Euler323 spin,NorthWestUp > Euler323 spin,NorthWestUp > Euler323 spin,NorthWestUp > Euler323 spin,,,,,,,,,,,,,,,,,,,,,,,,,,,Attitude(ICRF) > Euler.313.C,,,,,,,,,,,,,,,,,,,,,,,,North > TransverseRate,,North > TransverseRate,North > TransverseRate,North > TransverseRate,North > TransverseRate,North > TransverseRate
,,,,,,,TopoCentric > Euler323 precession,,NorthWestUp > q1,NorthWestUp > q1,NorthWestUp > q1,NorthWestUp > q1,NorthWestUp > q1,NorthWestUp > q1,NorthWestUp > q1,,,,,,,,,,,,,,,,,,,,,,,,,,,Attitude(ICRF) > Euler.313.C Rate,,,,,,,,,,,,,,,,,,,,,,,,North > AngularRate,,North > AngularRate,North > AngularRate,North > AngularRate,North > AngularRate,North > AngularRate
,,,,,,,TopoCentric > Euler323 nutation,,NorthWestUp > q2,NorthWestUp > q2,NorthWestUp > q2,NorthWestUp > q2,NorthWestUp > q2,NorthWestUp > q2,NorthWestUp > q2,,,,,,,,,,,,,,,,,,,,,,,,,,,Attitude(ICRF) > Euler.321.A,,,,,,,,,,,,,,,,,,,,,,,,Position > Time,,Position > Time,Position > Time,Position > Time,Position > Time,Position > Time
,,,,,,,TopoCentric > Euler323 spin,,NorthWestUp > q3,NorthWestUp > q3,NorthWestUp > q3,NorthWestUp > q3,NorthWestUp > q3,NorthWestUp > q3,NorthWestUp > q3,,,,,,,,,,,,,,,,,,,,,,,,,,,Attitude(ICRF) > Euler.321.A Rate,,,,,,,,,,,,,,,,,,,,,,,,Position > x,,Position > x,Position > x,Position > x,Position > x,Position > x
,,,,,,,TopoCentric > q1,,NorthWestUp > q4,NorthWestUp > q4,NorthWestUp > q4,NorthWestUp > q4,NorthWestUp > q4,NorthWestUp > q4,NorthWestUp > q4,,,,,,,,,,,,,,,,,,,,,,,,,,,Attitude(ICRF) > Euler.321.B,,,,,,,,,,,,,,,,,,,,,,,,Position > y,,Position > y,Position > y,Position > y,Position > y,Position > y
,,,,,,,TopoCentric > q2,,NorthWestUp > wx,NorthWestUp > wx,NorthWestUp > wx,NorthWestUp > wx,NorthWestUp > wx,NorthWestUp > wx,NorthWestUp > wx,,,,,,,,,,,,,,,,,,,,,,,,,,,Attitude(ICRF) > Euler.321.B Rate,,,,,,,,,,,,,,,,,,,,,,,,Position > z,,Position > z,Position > z,Position > z,Position > z,Position > z
,,,,,,,TopoCentric > q3,,NorthWestUp > wy,NorthWestUp > wy,NorthWestUp > wy,NorthWestUp > wy,NorthWestUp > wy,NorthWestUp > wy,NorthWestUp > wy,,,,,,,,,,,,,,,,,,,,,,,,,,,Attitude(ICRF) > Euler.321.C,,,,,,,,,,,,,,,,,,,,,,,,Position > Magnitude,,Position > Magnitude,Position > Magnitude,Position > Magnitude,Position > Magnitude,Position > Magnitude
,,,,,,,TopoCentric > q4,,NorthWestUp > wz,NorthWestUp > wz,NorthWestUp > wz,NorthWestUp > wz,NorthWestUp > wz,NorthWestUp > wz,NorthWestUp > wz,,,,,,,,,,,,,,,,,,,,,,,,,,,Attitude(ICRF) > Euler.321.C Rate,,,,,,,,,,,,,,,,,,,,,,,,Position > x/Magnitude,,Position > x/Magnitude,Position > x/Magnitude,Position > x/Magnitude,Position > x/Magnitude,Position > x/Magnitude
,,,,,,,TopoCentric > wx,,NorthWestUp > w mag,NorthWestUp > w mag,NorthWestUp > w mag,NorthWestUp > w mag,NorthWestUp > w mag,NorthWestUp > w mag,NorthWestUp > w mag,,,,,,,,,,,,,,,,,,,,,,,,,,,Attitude(ICRF) > Euler.323.A,,,,,,,,,,,,,,,,,,,,,,,,Position > y/Magnitude,,Position > y/Magnitude,Position > y/Magnitude,Position > y/Magnitude,Position > y/Magnitude,Position > y/Magnitude
,,,,,,,TopoCentric > wy,,NorthWestUp > RightAscension of w,NorthWestUp > RightAscension of w,NorthWestUp > RightAscension of w,NorthWestUp > RightAscension of w,NorthWestUp > RightAscension of w,NorthWestUp > RightAscension of w,NorthWestUp > RightAscension of w,,,,,,,,,,,,,,,,,,,,,,,,,,,Attitude(ICRF) > Euler.323.A Rate,,,,,,,,,,,,,,,,,,,,,,,,Position > z/Magnitude,,Position > z/Magnitude,Position > z/Magnitude,Position > z/Magnitude,Position > z/Magnitude,Position > z/Magnitude
,,,,,,,TopoCentric > wz,,NorthWestUp > Declination of w,NorthWestUp > Declination of w,NorthWestUp > Declination of w,NorthWestUp > Declination of w,NorthWestUp > Declination of w,NorthWestUp > Declination of w,NorthWestUp > Declination of w,,,,,,,,,,,,,,,,,,,,,,,,,,,Attitude(ICRF) > Euler.323.B,,,,,,,,,,,,,,,,,,,,,,,,Position > RightAscension,,Position > RightAscension,Position > RightAscension,Position > RightAscension,Position > RightAscension,Position > RightAscension
,,,,,,,TopoCentric > w mag,,NorthWestUp > Eigen-Angle,NorthWestUp > Eigen-Angle,NorthWestUp > Eigen-Angle,NorthWestUp > Eigen-Angle,NorthWestUp > Eigen-Angle,NorthWestUp > Eigen-Angle,NorthWestUp > Eigen-Angle,,,,,,,,,,,,,,,,,,,,,,,,,,,Attitude(ICRF) > Euler.323.B Rate,,,,,,,,,,,,,,,,,,,,,,,,Position > Declination,,Position > Declination,Position > Declination,Position > Declination,Position > Declination,Position > Declination
,,,,,,,TopoCentric > RightAscension of w,,NorthWestUp > Eigen-Axis x,NorthWestUp > Eigen-Axis x,NorthWestUp > Eigen-Axis x,NorthWestUp > Eigen-Axis x,NorthWestUp > Eigen-Axis x,NorthWestUp > Eigen-Axis x,NorthWestUp > Eigen-Axis x,,,,,,,,,,,,,,,,,,,,,,,,,,,Attitude(ICRF) > Euler.323.C,,,,,,,,,,,,,,,,,,,,,,,,Position > Co-Declination,,Position > Co-Declination,Position > Co-Declination,Position > Co-Declination,Position > Co-Declination,Position > Co-Declination
,,,,,,,TopoCentric > Declination of w,,NorthWestUp > Eigen-Axis y,NorthWestUp > Eigen-Axis y,NorthWestUp > Eigen-Axis y,NorthWestUp > Eigen-Axis y,NorthWestUp > Eigen-Axis y,NorthWestUp > Eigen-Axis y,NorthWestUp > Eigen-Axis y,,,,,,,,,,,,,,,,,,,,,,,,,,,Attitude(ICRF) > Euler.323.C Rate,,,,,,,,,,,,,,,,,,,,,,,,Position > NegativeDeclination,,Position > NegativeDeclination,Position > NegativeDeclination,Position > NegativeDeclination,Position > NegativeDeclination,Position > NegativeDeclination
,,,,,,,TopoCentric > Eigen-Angle,,NorthWestUp > Eigen-Axis z,NorthWestUp > Eigen-Axis z,NorthWestUp > Eigen-Axis z,NorthWestUp > Eigen-Axis z,NorthWestUp > Eigen-Axis z,NorthWestUp > Eigen-Axis z,NorthWestUp > Eigen-Axis z,,,,,,,,,,,,,,,,,,,,,,,,,,,Attitude(ICRF) > DCM.XX,,,,,,,,,,,,,,,,,,,,,,,,Position > DirectionAngle x,,Position > DirectionAngle x,Position > DirectionAngle x,Position > DirectionAngle x,Position > DirectionAngle x,Position > DirectionAngle x
,,,,,,,TopoCentric > Eigen-Axis x,,NorthWestUp > YPR321 yaw rate,NorthWestUp > Yaw Rate,NorthWestUp > Yaw Rate,NorthWestUp > Yaw Rate,NorthWestUp > Yaw Rate,NorthWestUp > Yaw Rate,NorthWestUp > Yaw Rate,,,,,,,,,,,,,,,,,,,,,,,,,,,Attitude(ICRF) > DCM.XX Rate,,,,,,,,,,,,,,,,,,,,,,,,Position > DirectionAngle y,,Position > DirectionAngle y,Position > DirectionAngle y,Position > DirectionAngle y,Position > DirectionAngle y,Position > DirectionAngle y
,,,,,,,TopoCentric > Eigen-Axis y,,NorthWestUp > YPR321 pitch rate,NorthWestUp > Pitch Rate,NorthWestUp > Pitch Rate,NorthWestUp > Pitch Rate,NorthWestUp > Pitch Rate,NorthWestUp > Pitch Rate,NorthWestUp > Pitch Rate,,,,,,,,,,,,,,,,,,,,,,,,,,,Attitude(ICRF) > DCM.XY,,,,,,,,,,,,,,,,,,,,,,,,Position > DirectionAngle z,,Position > DirectionAngle z,Position > DirectionAngle z,Position > DirectionAngle z,Position > DirectionAngle z,Position > DirectionAngle z
,,,,,,,TopoCentric > Eigen-Axis z,,NorthWestUp > YPR321 roll rate,NorthWestUp > Roll Rate,NorthWestUp > Roll Rate,NorthWestUp > Roll Rate,NorthWestUp > Roll Rate,NorthWestUp > Roll Rate,NorthWestUp > Roll Rate,,,,,,,,,,,,,,,,,,,,,,,,,,,Attitude(ICRF) > DCM.XY Rate,,,,,,,,,,,,,,,,,,,,,,,,Position > Derivative x,,Position > Derivative x,Position > Derivative x,Position > Derivative x,Position > Derivative x,Position > Derivative x
,,,,,,,,,NorthWestUp > Euler321 precession rate,NorthWestUp > Euler321 precession rate,NorthWestUp > Euler321 precession rate,NorthWestUp > Euler321 precession rate,NorthWestUp > Euler321 precession rate,NorthWestUp > Euler321 precession rate,NorthWestUp > Euler321 precession rate,,,,,,,,,,,,,,,,,,,,,,,,,,,Attitude(ICRF) > DCM.XZ,,,,,,,,,,,,,,,,,,,,,,,,Position > Derivative y,,Position > Derivative y,Position > Derivative y,Position > Derivative y,Position > Derivative y,Position > Derivative y
,,,,,,,,,NorthWestUp > Euler321 nutation rate,NorthWestUp > Euler321 nutation rate,NorthWestUp > Euler321 nutation rate,NorthWestUp > Euler321 nutation rate,NorthWestUp > Euler321 nutation rate,NorthWestUp > Euler321 nutation rate,NorthWestUp > Euler321 nutation rate,,,,,,,,,,,,,,,,,,,,,,,,,,,Attitude(ICRF) > DCM.XZ Rate,,,,,,,,,,,,,,,,,,,,,,,,Position > Derivative z,,Position > Derivative z,Position > Derivative z,Position > Derivative z,Position > Derivative z,Position > Derivative z
,,,,,,,,,NorthWestUp > Euler321 spin rate,NorthWestUp > Euler321 spin rate,NorthWestUp > Euler321 spin rate,NorthWestUp > Euler321 spin rate,NorthWestUp > Euler321 spin rate,NorthWestUp > Euler321 spin rate,NorthWestUp > Euler321 spin rate,,,,,,,,,,,,,,,,,,,,,,,,,,,Attitude(ICRF) > DCM.YX,,,,,,,,,,,,,,,,,,,,,,,,Position > Derivative Magnitude,,Position > Derivative Magnitude,Position > Derivative Magnitude,Position > Derivative Magnitude,Position > Derivative Magnitude,Position > Derivative Magnitude
,,,,,,,,,NorthWestUp > Euler323 precession rate,NorthWestUp > Euler323 precession rate,NorthWestUp > Euler323 precession rate,NorthWestUp > Euler323 precession rate,NorthWestUp > Euler323 precession rate,NorthWestUp > Euler323 precession rate,NorthWestUp > Euler323 precession rate,,,,,,,,,,,,,,,,,,,,,,,,,,,Attitude(ICRF) > DCM.YX Rate,,,,,,,,,,,,,,,,,,,,,,,,Position > MagnitudeRate,,Position > MagnitudeRate,Position > MagnitudeRate,Position > MagnitudeRate,Position > MagnitudeRate,Position > MagnitudeRate
,,,,,,,,,NorthWestUp > Euler323 nutation rate,NorthWestUp > Euler323 nutation rate,NorthWestUp > Euler323 nutation rate,NorthWestUp > Euler323 nutation rate,NorthWestUp > Euler323 nutation rate,NorthWestUp > Euler323 nutation rate,NorthWestUp > Euler323 nutation rate,,,,,,,,,,,,,,,,,,,,,,,,,,,Attitude(ICRF) > DCM.YY,,,,,,,,,,,,,,,,,,,,,,,,Position > TransverseRate,,Position > TransverseRate,Position > TransverseRate,Position > TransverseRate,Position > TransverseRate,Position > TransverseRate
,,,,,,,,,NorthWestUp > Euler323 spin rate,NorthWestUp > Euler323 spin rate,NorthWestUp > Euler323 spin rate,NorthWestUp > Euler323 spin rate,NorthWestUp > Euler323 spin rate,NorthWestUp > Euler323 spin rate,NorthWestUp > Euler323 spin rate,,,,,,,,,,,,,,,,,,,,,,,,,,,Attitude(ICRF) > DCM.YY Rate,,,,,,,,,,,,,,,,,,,,,,,,Position > AngularRate,,Position > AngularRate,Position > AngularRate,Position > AngularRate,Position > AngularRate,Position > AngularRate
,,,,,,,,,RadialCentric > Time,RadialCentric > Time,RadialCentric > Time,RadialCentric > Time,RadialCentric > Time,RadialCentric > Time,RadialCentric > Time,,,,,,,,,,,,,,,,,,,,,,,,,,,Attitude(ICRF) > DCM.YZ,,,,,,,,,,,,,,,,,,,,,,,,South > Time,,South > Time,South > Time,South > Time,South > Time,South > Time
,,,,,,,,,RadialCentric > YPR321 yaw,RadialCentric > Yaw,RadialCentric > Yaw,RadialCentric > Yaw,RadialCentric > Yaw,RadialCentric > Yaw,RadialCentric > Yaw,,,,,,,,,,,,,,,,,,,,,,,,,,,Attitude(ICRF) > DCM.YZ Rate,,,,,,,,,,,,,,,,,,,,,,,,South > x,,South > x,South > x,South > x,South > x,South > x
,,,,,,,,,RadialCentric > YPR321 pitch,RadialCentric > Pitch,RadialCentric > Pitch,RadialCentric > Pitch,RadialCentric > Pitch,RadialCentric > Pitch,RadialCentric > Pitch,,,,,,,,,,,,,,,,,,,,,,,,,,,Attitude(ICRF) > DCM.ZX,,,,,,,,,,,,,,,,,,,,,,,,South > y,,South > y,South > y,South > y,South > y,South > y
,,,,,,,,,RadialCentric > YPR321 roll,RadialCentric > Roll,RadialCentric > Roll,RadialCentric > Roll,RadialCentric > Roll,RadialCentric > Roll,RadialCentric > Roll,,,,,,,,,,,,,,,,,,,,,,,,,,,Attitude(ICRF) > DCM.ZX Rate,,,,,,,,,,,,,,,,,,,,,,,,South > z,,South > z,South > z,South > z,South > z,South > z
,,,,,,,,,RadialCentric > Euler321 precession,RadialCentric > Euler321 precession,RadialCentric > Euler321 precession,RadialCentric > Euler321 precession,RadialCentric > Euler321 precession,RadialCentric > Euler321 precession,RadialCentric > Euler321 precession,,,,,,,,,,,,,,,,,,,,,,,,,,,Attitude(ICRF) > DCM.ZY,,,,,,,,,,,,,,,,,,,,,,,,South > Magnitude,,South > Magnitude,South > Magnitude,South > Magnitude,South > Magnitude,South > Magnitude
,,,,,,,,,RadialCentric > Euler321 nutation,RadialCentric > Euler321 nutation,RadialCentric > Euler321 nutation,RadialCentric > Euler321 nutation,RadialCentric > Euler321 nutation,RadialCentric > Euler321 nutation,RadialCentric > Euler321 nutation,,,,,,,,,,,,,,,,,,,,,,,,,,,Attitude(ICRF) > DCM.ZY Rate,,,,,,,,,,,,,,,,,,,,,,,,South > x/Magnitude,,South > x/Magnitude,South > x/Magnitude,South > x/Magnitude,South > x/Magnitude,South > x/Magnitude
,,,,,,,,,RadialCentric > Euler321 spin,RadialCentric > Euler321 spin,RadialCentric > Euler321 spin,RadialCentric > Euler321 spin,RadialCentric > Euler321 spin,RadialCentric > Euler321 spin,RadialCentric > Euler321 spin,,,,,,,,,,,,,,,,,,,,,,,,,,,Attitude(ICRF) > DCM.ZZ,,,,,,,,,,,,,,,,,,,,,,,,South > y/Magnitude,,South > y/Magnitude,South > y/Magnitude,South > y/Magnitude,South > y/Magnitude,South > y/Magnitude
,,,,,,,,,RadialCentric > Euler323 precession,RadialCentric > Euler323 precession,RadialCentric > Euler323 precession,RadialCentric > Euler323 precession,RadialCentric > Euler323 precession,RadialCentric > Euler323 precession,RadialCentric > Euler323 precession,,,,,,,,,,,,,,,,,,,,,,,,,,,Attitude(ICRF) > DCM.ZZ Rate,,,,,,,,,,,,,,,,,,,,,,,,South > z/Magnitude,,South > z/Magnitude,South > z/Magnitude,South > z/Magnitude,South > z/Magnitude,South > z/Magnitude
,,,,,,,,,RadialCentric > Euler323 nutation,RadialCentric > Euler323 nutation,RadialCentric > Euler323 nutation,RadialCentric > Euler323 nutation,RadialCentric > Euler323 nutation,RadialCentric > Euler323 nutation,RadialCentric > Euler323 nutation,,,,,,,,,,,,,,,,,,,,,,,,,,,Attitude(ICRF) > AngleAxis.X,,,,,,,,,,,,,,,,,,,,,,,,South > RightAscension,,South > RightAscension,South > RightAscension,South > RightAscension,South > RightAscension,South > RightAscension
,,,,,,,,,RadialCentric > Euler323 spin,RadialCentric > Euler323 spin,RadialCentric > Euler323 spin,RadialCentric > Euler323 spin,RadialCentric > Euler323 spin,RadialCentric > Euler323 spin,RadialCentric > Euler323 spin,,,,,,,,,,,,,,,,,,,,,,,,,,,Attitude(ICRF) > AngleAxis.X Rate,,,,,,,,,,,,,,,,,,,,,,,,South > Declination,,South > Declination,South > Declination,South > Declination,South > Declination,South > Declination
,,,,,,,,,RadialCentric > q1,RadialCentric > q1,RadialCentric > q1,RadialCentric > q1,RadialCentric > q1,RadialCentric > q1,RadialCentric > q1,,,,,,,,,,,,,,,,,,,,,,,,,,,Attitude(ICRF) > AngleAxis.Y,,,,,,,,,,,,,,,,,,,,,,,,South > Co-Declination,,South > Co-Declination,South > Co-Declination,South > Co-Declination,South > Co-Declination,South > Co-Declination
,,,,,,,,,RadialCentric > q2,RadialCentric > q2,RadialCentric > q2,RadialCentric > q2,RadialCentric > q2,RadialCentric > q2,RadialCentric > q2,,,,,,,,,,,,,,,,,,,,,,,,,,,Attitude(ICRF) > AngleAxis.Y Rate,,,,,,,,,,,,,,,,,,,,,,,,South > NegativeDeclination,,South > NegativeDeclination,South > NegativeDeclination,South > NegativeDeclination,South > NegativeDeclination,South > NegativeDeclination
,,,,,,,,,RadialCentric > q3,RadialCentric > q3,RadialCentric > q3,RadialCentric > q3,RadialCentric > q3,RadialCentric > q3,RadialCentric > q3,,,,,,,,,,,,,,,,,,,,,,,,,,,Attitude(ICRF) > AngleAxis.Z,,,,,,,,,,,,,,,,,,,,,,,,South > DirectionAngle x,,South > DirectionAngle x,South > DirectionAngle x,South > DirectionAngle x,South > DirectionAngle x,South > DirectionAngle x
,,,,,,,,,RadialCentric > q4,RadialCentric > q4,RadialCentric > q4,RadialCentric > q4,RadialCentric > q4,RadialCentric > q4,RadialCentric > q4,,,,,,,,,,,,,,,,,,,,,,,,,,,Attitude(ICRF) > AngleAxis.Z Rate,,,,,,,,,,,,,,,,,,,,,,,,South > DirectionAngle y,,South > DirectionAngle y,South > DirectionAngle y,South > DirectionAngle y,South > DirectionAngle y,South > DirectionAngle y
,,,,,,,,,RadialCentric > wx,RadialCentric > wx,RadialCentric > wx,RadialCentric > wx,RadialCentric > wx,RadialCentric > wx,RadialCentric > wx,,,,,,,,,,,,,,,,,,,,,,,,,,,Attitude(ICRF) > AngleAxis.RotationAngle,,,,,,,,,,,,,,,,,,,,,,,,South > DirectionAngle z,,South > DirectionAngle z,South > DirectionAngle z,South > DirectionAngle z,South > DirectionAngle z,South > DirectionAngle z
,,,,,,,,,RadialCentric > wy,RadialCentric > wy,RadialCentric > wy,RadialCentric > wy,RadialCentric > wy,RadialCentric > wy,RadialCentric > wy,,,,,,,,,,,,,,,,,,,,,,,,,,,Attitude(ICRF) > AngleAxis.RotationAngle Rate,,,,,,,,,,,,,,,,,,,,,,,,South > Derivative x,,South > Derivative x,South > Derivative x,South > Derivative x,South > Derivative x,South > Derivative x
,,,,,,,,,RadialCentric > wz,RadialCentric > wz,RadialCentric > wz,RadialCentric > wz,RadialCentric > wz,RadialCentric > wz,RadialCentric > wz,,,,,,,,,,,,,,,,,,,,,,,,,,,,,,,,,,,,,,,,,,,,,,,,,,,South > Derivative y,,South > Derivative y,South > Derivative y,South > Derivative y,South > Derivative y,South > Derivative y
,,,,,,,,,RadialCentric > w mag,RadialCentric > w mag,RadialCentric > w mag,RadialCentric > w mag,RadialCentric > w mag,RadialCentric > w mag,RadialCentric > w mag,,,,,,,,,,,,,,,,,,,,,,,,,,,,,,,,,,,,,,,,,,,,,,,,,,,South > Derivative z,,South > Derivative z,South > Derivative z,South > Derivative z,South > Derivative z,South > Derivative z
,,,,,,,,,RadialCentric > RightAscension of w,RadialCentric > RightAscension of w,RadialCentric > RightAscension of w,RadialCentric > RightAscension of w,RadialCentric > RightAscension of w,RadialCentric > RightAscension of w,RadialCentric > RightAscension of w,,,,,,,,,,,,,,,,,,,,,,,,,,,,,,,,,,,,,,,,,,,,,,,,,,,South > Derivative Magnitude,,South > Derivative Magnitude,South > Derivative Magnitude,South > Derivative Magnitude,South > Derivative Magnitude,South > Derivative Magnitude
,,,,,,,,,RadialCentric > Declination of w,RadialCentric > Declination of w,RadialCentric > Declination of w,RadialCentric > Declination of w,RadialCentric > Declination of w,RadialCentric > Declination of w,RadialCentric > Declination of w,,,,,,,,,,,,,,,,,,,,,,,,,,,,,,,,,,,,,,,,,,,,,,,,,,,South > MagnitudeRate,,South > MagnitudeRate,South > MagnitudeRate,South > MagnitudeRate,South > MagnitudeRate,South > MagnitudeRate
,,,,,,,,,RadialCentric > Eigen-Angle,RadialCentric > Eigen-Angle,RadialCentric > Eigen-Angle,RadialCentric > Eigen-Angle,RadialCentric > Eigen-Angle,RadialCentric > Eigen-Angle,RadialCentric > Eigen-Angle,,,,,,,,,,,,,,,,,,,,,,,,,,,,,,,,,,,,,,,,,,,,,,,,,,,South > TransverseRate,,South > TransverseRate,South > TransverseRate,South > TransverseRate,South > TransverseRate,South > TransverseRate
,,,,,,,,,RadialCentric > Eigen-Axis x,RadialCentric > Eigen-Axis x,RadialCentric > Eigen-Axis x,RadialCentric > Eigen-Axis x,RadialCentric > Eigen-Axis x,RadialCentric > Eigen-Axis x,RadialCentric > Eigen-Axis x,,,,,,,,,,,,,,,,,,,,,,,,,,,,,,,,,,,,,,,,,,,,,,,,,,,South > AngularRate,,South > AngularRate,South > AngularRate,South > AngularRate,South > AngularRate,South > AngularRate
,,,,,,,,,RadialCentric > Eigen-Axis y,RadialCentric > Eigen-Axis y,RadialCentric > Eigen-Axis y,RadialCentric > Eigen-Axis y,RadialCentric > Eigen-Axis y,RadialCentric > Eigen-Axis y,RadialCentric > Eigen-Axis y,,,,,,,,,,,,,,,,,,,,,,,,,,,,,,,,,,,,,,,,,,,,,,,,,,,Sun > Time,,Sun > Time,Sun > Time,Sun > Time,Sun > Time,Sun > Time
,,,,,,,,,RadialCentric > Eigen-Axis z,RadialCentric > Eigen-Axis z,RadialCentric > Eigen-Axis z,RadialCentric > Eigen-Axis z,RadialCentric > Eigen-Axis z,RadialCentric > Eigen-Axis z,RadialCentric > Eigen-Axis z,,,,,,,,,,,,,,,,,,,,,,,,,,,,,,,,,,,,,,,,,,,,,,,,,,,Sun > x,,Sun > x,Sun > x,Sun > x,Sun > x,Sun > x
,,,,,,,,,RadialCentric > YPR321 yaw rate,RadialCentric > Yaw Rate,RadialCentric > Yaw Rate,RadialCentric > Yaw Rate,RadialCentric > Yaw Rate,RadialCentric > Yaw Rate,RadialCentric > Yaw Rate,,,,,,,,,,,,,,,,,,,,,,,,,,,,,,,,,,,,,,,,,,,,,,,,,,,Sun > y,,Sun > y,Sun > y,Sun > y,Sun > y,Sun > y
,,,,,,,,,RadialCentric > YPR321 pitch rate,RadialCentric > Pitch Rate,RadialCentric > Pitch Rate,RadialCentric > Pitch Rate,RadialCentric > Pitch Rate,RadialCentric > Pitch Rate,RadialCentric > Pitch Rate,,,,,,,,,,,,,,,,,,,,,,,,,,,,,,,,,,,,,,,,,,,,,,,,,,,Sun > z,,Sun > z,Sun > z,Sun > z,Sun > z,Sun > z
,,,,,,,,,RadialCentric > YPR321 roll rate,RadialCentric > Roll Rate,RadialCentric > Roll Rate,RadialCentric > Roll Rate,RadialCentric > Roll Rate,RadialCentric > Roll Rate,RadialCentric > Roll Rate,,,,,,,,,,,,,,,,,,,,,,,,,,,,,,,,,,,,,,,,,,,,,,,,,,,Sun > Magnitude,,Sun > Magnitude,Sun > Magnitude,Sun > Magnitude,Sun > Magnitude,Sun > Magnitude
,,,,,,,,,RadialCentric > Euler321 precession rate,RadialCentric > Euler321 precession rate,RadialCentric > Euler321 precession rate,RadialCentric > Euler321 precession rate,RadialCentric > Euler321 precession rate,RadialCentric > Euler321 precession rate,RadialCentric > Euler321 precession rate,,,,,,,,,,,,,,,,,,,,,,,,,,,,,,,,,,,,,,,,,,,,,,,,,,,Sun > x/Magnitude,,Sun > x/Magnitude,Sun > x/Magnitude,Sun > x/Magnitude,Sun > x/Magnitude,Sun > x/Magnitude
,,,,,,,,,RadialCentric > Euler321 nutation rate,RadialCentric > Euler321 nutation rate,RadialCentric > Euler321 nutation rate,RadialCentric > Euler321 nutation rate,RadialCentric > Euler321 nutation rate,RadialCentric > Euler321 nutation rate,RadialCentric > Euler321 nutation rate,,,,,,,,,,,,,,,,,,,,,,,,,,,,,,,,,,,,,,,,,,,,,,,,,,,Sun > y/Magnitude,,Sun > y/Magnitude,Sun > y/Magnitude,Sun > y/Magnitude,Sun > y/Magnitude,Sun > y/Magnitude
,,,,,,,,,RadialCentric > Euler321 spin rate,RadialCentric > Euler321 spin rate,RadialCentric > Euler321 spin rate,RadialCentric > Euler321 spin rate,RadialCentric > Euler321 spin rate,RadialCentric > Euler321 spin rate,RadialCentric > Euler321 spin rate,,,,,,,,,,,,,,,,,,,,,,,,,,,,,,,,,,,,,,,,,,,,,,,,,,,Sun > z/Magnitude,,Sun > z/Magnitude,Sun > z/Magnitude,Sun > z/Magnitude,Sun > z/Magnitude,Sun > z/Magnitude
,,,,,,,,,RadialCentric > Euler323 precession rate,RadialCentric > Euler323 precession rate,RadialCentric > Euler323 precession rate,RadialCentric > Euler323 precession rate,RadialCentric > Euler323 precession rate,RadialCentric > Euler323 precession rate,RadialCentric > Euler323 precession rate,,,,,,,,,,,,,,,,,,,,,,,,,,,,,,,,,,,,,,,,,,,,,,,,,,,Sun > RightAscension,,Sun > RightAscension,Sun > RightAscension,Sun > RightAscension,Sun > RightAscension,Sun > RightAscension
,,,,,,,,,RadialCentric > Euler323 nutation rate,RadialCentric > Euler323 nutation rate,RadialCentric > Euler323 nutation rate,RadialCentric > Euler323 nutation rate,RadialCentric > Euler323 nutation rate,RadialCentric > Euler323 nutation rate,RadialCentric > Euler323 nutation rate,,,,,,,,,,,,,,,,,,,,,,,,,,,,,,,,,,,,,,,,,,,,,,,,,,,Sun > Declination,,Sun > Declination,Sun > Declination,Sun > Declination,Sun > Declination,Sun > Declination
,,,,,,,,,RadialCentric > Euler323 spin rate,RadialCentric > Euler323 spin rate,RadialCentric > Euler323 spin rate,RadialCentric > Euler323 spin rate,RadialCentric > Euler323 spin rate,RadialCentric > Euler323 spin rate,RadialCentric > Euler323 spin rate,,,,,,,,,,,,,,,,,,,,,,,,,,,,,,,,,,,,,,,,,,,,,,,,,,,Sun > Co-Declination,,Sun > Co-Declination,Sun > Co-Declination,Sun > Co-Declination,Sun > Co-Declination,Sun > Co-Declination
,,,,,,,,,TopoCentric > Time,TopoCentric > Time,TopoCentric > Time,TopoCentric > Time,TopoCentric > Time,TopoCentric > Time,TopoCentric > Time,,,,,,,,,,,,,,,,,,,,,,,,,,,,,,,,,,,,,,,,,,,,,,,,,,,Sun > NegativeDeclination,,Sun > NegativeDeclination,Sun > NegativeDeclination,Sun > NegativeDeclination,Sun > NegativeDeclination,Sun > NegativeDeclination
,,,,,,,,,TopoCentric > YPR321 yaw,TopoCentric > Yaw,TopoCentric > Yaw,TopoCentric > Yaw,TopoCentric > Yaw,TopoCentric > Yaw,TopoCentric > Yaw,,,,,,,,,,,,,,,,,,,,,,,,,,,,,,,,,,,,,,,,,,,,,,,,,,,Sun > DirectionAngle x,,Sun > DirectionAngle x,Sun > DirectionAngle x,Sun > DirectionAngle x,Sun > DirectionAngle x,Sun > DirectionAngle x
,,,,,,,,,TopoCentric > YPR321 pitch,TopoCentric > Pitch,TopoCentric > Pitch,TopoCentric > Pitch,TopoCentric > Pitch,TopoCentric > Pitch,TopoCentric > Pitch,,,,,,,,,,,,,,,,,,,,,,,,,,,,,,,,,,,,,,,,,,,,,,,,,,,Sun > DirectionAngle y,,Sun > DirectionAngle y,Sun > DirectionAngle y,Sun > DirectionAngle y,Sun > DirectionAngle y,Sun > DirectionAngle y
,,,,,,,,,TopoCentric > YPR321 roll,TopoCentric > Roll,TopoCentric > Roll,TopoCentric > Roll,TopoCentric > Roll,TopoCentric > Roll,TopoCentric > Roll,,,,,,,,,,,,,,,,,,,,,,,,,,,,,,,,,,,,,,,,,,,,,,,,,,,Sun > DirectionAngle z,,Sun > DirectionAngle z,Sun > DirectionAngle z,Sun > DirectionAngle z,Sun > DirectionAngle z,Sun > DirectionAngle z
,,,,,,,,,TopoCentric > Euler321 precession,TopoCentric > Euler321 precession,TopoCentric > Euler321 precession,TopoCentric > Euler321 precession,TopoCentric > Euler321 precession,TopoCentric > Euler321 precession,TopoCentric > Euler321 precession,,,,,,,,,,,,,,,,,,,,,,,,,,,,,,,,,,,,,,,,,,,,,,,,,,,Sun > Derivative x,,Sun > Derivative x,Sun > Derivative x,Sun > Derivative x,Sun > Derivative x,Sun > Derivative x
,,,,,,,,,TopoCentric > Euler321 nutation,TopoCentric > Euler321 nutation,TopoCentric > Euler321 nutation,TopoCentric > Euler321 nutation,TopoCentric > Euler321 nutation,TopoCentric > Euler321 nutation,TopoCentric > Euler321 nutation,,,,,,,,,,,,,,,,,,,,,,,,,,,,,,,,,,,,,,,,,,,,,,,,,,,Sun > Derivative y,,Sun > Derivative y,Sun > Derivative y,Sun > Derivative y,Sun > Derivative y,Sun > Derivative y
,,,,,,,,,TopoCentric > Euler321 spin,TopoCentric > Euler321 spin,TopoCentric > Euler321 spin,TopoCentric > Euler321 spin,TopoCentric > Euler321 spin,TopoCentric > Euler321 spin,TopoCentric > Euler321 spin,,,,,,,,,,,,,,,,,,,,,,,,,,,,,,,,,,,,,,,,,,,,,,,,,,,Sun > Derivative z,,Sun > Derivative z,Sun > Derivative z,Sun > Derivative z,Sun > Derivative z,Sun > Derivative z
,,,,,,,,,TopoCentric > Euler323 precession,TopoCentric > Euler323 precession,TopoCentric > Euler323 precession,TopoCentric > Euler323 precession,TopoCentric > Euler323 precession,TopoCentric > Euler323 precession,TopoCentric > Euler323 precession,,,,,,,,,,,,,,,,,,,,,,,,,,,,,,,,,,,,,,,,,,,,,,,,,,,Sun > Derivative Magnitude,,Sun > Derivative Magnitude,Sun > Derivative Magnitude,Sun > Derivative Magnitude,Sun > Derivative Magnitude,Sun > Derivative Magnitude
,,,,,,,,,TopoCentric > Euler323 nutation,TopoCentric > Euler323 nutation,TopoCentric > Euler323 nutation,TopoCentric > Euler323 nutation,TopoCentric > Euler323 nutation,TopoCentric > Euler323 nutation,TopoCentric > Euler323 nutation,,,,,,,,,,,,,,,,,,,,,,,,,,,,,,,,,,,,,,,,,,,,,,,,,,,Sun > MagnitudeRate,,Sun > MagnitudeRate,Sun > MagnitudeRate,Sun > MagnitudeRate,Sun > MagnitudeRate,Sun > MagnitudeRate
,,,,,,,,,TopoCentric > Euler323 spin,TopoCentric > Euler323 spin,TopoCentric > Euler323 spin,TopoCentric > Euler323 spin,TopoCentric > Euler323 spin,TopoCentric > Euler323 spin,TopoCentric > Euler323 spin,,,,,,,,,,,,,,,,,,,,,,,,,,,,,,,,,,,,,,,,,,,,,,,,,,,Sun > TransverseRate,,Sun > TransverseRate,Sun > TransverseRate,Sun > TransverseRate,Sun > TransverseRate,Sun > TransverseRate
,,,,,,,,,TopoCentric > q1,TopoCentric > q1,TopoCentric > q1,TopoCentric > q1,TopoCentric > q1,TopoCentric > q1,TopoCentric > q1,,,,,,,,,,,,,,,,,,,,,,,,,,,,,,,,,,,,,,,,,,,,,,,,,,,Sun > AngularRate,,Sun > AngularRate,Sun > AngularRate,Sun > AngularRate,Sun > AngularRate,Sun > AngularRate
,,,,,,,,,TopoCentric > q2,TopoCentric > q2,TopoCentric > q2,TopoCentric > q2,TopoCentric > q2,TopoCentric > q2,TopoCentric > q2,,,,,,,,,,,,,,,,,,,,,,,,,,,,,,,,,,,,,,,,,,,,,,,,,,,Sunlight > Time,,Sunlight > Time,Sunlight > Time,Sunlight > Time,Sunlight > Time,Sunlight > Time
,,,,,,,,,TopoCentric > q3,TopoCentric > q3,TopoCentric > q3,TopoCentric > q3,TopoCentric > q3,TopoCentric > q3,TopoCentric > q3,,,,,,,,,,,,,,,,,,,,,,,,,,,,,,,,,,,,,,,,,,,,,,,,,,,Sunlight > x,,Sunlight > x,Sunlight > x,Sunlight > x,Sunlight > x,Sunlight > x
,,,,,,,,,TopoCentric > q4,TopoCentric > q4,TopoCentric > q4,TopoCentric > q4,TopoCentric > q4,TopoCentric > q4,TopoCentric > q4,,,,,,,,,,,,,,,,,,,,,,,,,,,,,,,,,,,,,,,,,,,,,,,,,,,Sunlight > y,,Sunlight > y,Sunlight > y,Sunlight > y,Sunlight > y,Sunlight > y
,,,,,,,,,TopoCentric > wx,TopoCentric > wx,TopoCentric > wx,TopoCentric > wx,TopoCentric > wx,TopoCentric > wx,TopoCentric > wx,,,,,,,,,,,,,,,,,,,,,,,,,,,,,,,,,,,,,,,,,,,,,,,,,,,Sunlight > z,,Sunlight > z,Sunlight > z,Sunlight > z,Sunlight > z,Sunlight > z
,,,,,,,,,TopoCentric > wy,TopoCentric > wy,TopoCentric > wy,TopoCentric > wy,TopoCentric > wy,TopoCentric > wy,TopoCentric > wy,,,,,,,,,,,,,,,,,,,,,,,,,,,,,,,,,,,,,,,,,,,,,,,,,,,Sunlight > Magnitude,,Sunlight > Magnitude,Sunlight > Magnitude,Sunlight > Magnitude,Sunlight > Magnitude,Sunlight > Magnitude
,,,,,,,,,TopoCentric > wz,TopoCentric > wz,TopoCentric > wz,TopoCentric > wz,TopoCentric > wz,TopoCentric > wz,TopoCentric > wz,,,,,,,,,,,,,,,,,,,,,,,,,,,,,,,,,,,,,,,,,,,,,,,,,,,Sunlight > x/Magnitude,,Sunlight > x/Magnitude,Sunlight > x/Magnitude,Sunlight > x/Magnitude,Sunlight > x/Magnitude,Sunlight > x/Magnitude
,,,,,,,,,TopoCentric > w mag,TopoCentric > w mag,TopoCentric > w mag,TopoCentric > w mag,TopoCentric > w mag,TopoCentric > w mag,TopoCentric > w mag,,,,,,,,,,,,,,,,,,,,,,,,,,,,,,,,,,,,,,,,,,,,,,,,,,,Sunlight > y/Magnitude,,Sunlight > y/Magnitude,Sunlight > y/Magnitude,Sunlight > y/Magnitude,Sunlight > y/Magnitude,Sunlight > y/Magnitude
,,,,,,,,,TopoCentric > RightAscension of w,TopoCentric > RightAscension of w,TopoCentric > RightAscension of w,TopoCentric > RightAscension of w,TopoCentric > RightAscension of w,TopoCentric > RightAscension of w,TopoCentric > RightAscension of w,,,,,,,,,,,,,,,,,,,,,,,,,,,,,,,,,,,,,,,,,,,,,,,,,,,Sunlight > z/Magnitude,,Sunlight > z/Magnitude,Sunlight > z/Magnitude,Sunlight > z/Magnitude,Sunlight > z/Magnitude,Sunlight > z/Magnitude
,,,,,,,,,TopoCentric > Declination of w,TopoCentric > Declination of w,TopoCentric > Declination of w,TopoCentric > Declination of w,TopoCentric > Declination of w,TopoCentric > Declination of w,TopoCentric > Declination of w,,,,,,,,,,,,,,,,,,,,,,,,,,,,,,,,,,,,,,,,,,,,,,,,,,,Sunlight > RightAscension,,Sunlight > RightAscension,Sunlight > RightAscension,Sunlight > RightAscension,Sunlight > RightAscension,Sunlight > RightAscension
,,,,,,,,,TopoCentric > Eigen-Angle,TopoCentric > Eigen-Angle,TopoCentric > Eigen-Angle,TopoCentric > Eigen-Angle,TopoCentric > Eigen-Angle,TopoCentric > Eigen-Angle,TopoCentric > Eigen-Angle,,,,,,,,,,,,,,,,,,,,,,,,,,,,,,,,,,,,,,,,,,,,,,,,,,,Sunlight > Declination,,Sunlight > Declination,Sunlight > Declination,Sunlight > Declination,Sunlight > Declination,Sunlight > Declination
,,,,,,,,,TopoCentric > Eigen-Axis x,TopoCentric > Eigen-Axis x,TopoCentric > Eigen-Axis x,TopoCentric > Eigen-Axis x,TopoCentric > Eigen-Axis x,TopoCentric > Eigen-Axis x,TopoCentric > Eigen-Axis x,,,,,,,,,,,,,,,,,,,,,,,,,,,,,,,,,,,,,,,,,,,,,,,,,,,Sunlight > Co-Declination,,Sunlight > Co-Declination,Sunlight > Co-Declination,Sunlight > Co-Declination,Sunlight > Co-Declination,Sunlight > Co-Declination
,,,,,,,,,TopoCentric > Eigen-Axis y,TopoCentric > Eigen-Axis y,TopoCentric > Eigen-Axis y,TopoCentric > Eigen-Axis y,TopoCentric > Eigen-Axis y,TopoCentric > Eigen-Axis y,TopoCentric > Eigen-Axis y,,,,,,,,,,,,,,,,,,,,,,,,,,,,,,,,,,,,,,,,,,,,,,,,,,,Sunlight > NegativeDeclination,,Sunlight > NegativeDeclination,Sunlight > NegativeDeclination,Sunlight > NegativeDeclination,Sunlight > NegativeDeclination,Sunlight > NegativeDeclination
,,,,,,,,,TopoCentric > Eigen-Axis z,TopoCentric > Eigen-Axis z,TopoCentric > Eigen-Axis z,TopoCentric > Eigen-Axis z,TopoCentric > Eigen-Axis z,TopoCentric > Eigen-Axis z,TopoCentric > Eigen-Axis z,,,,,,,,,,,,,,,,,,,,,,,,,,,,,,,,,,,,,,,,,,,,,,,,,,,Sunlight > DirectionAngle x,,Sunlight > DirectionAngle x,Sunlight > DirectionAngle x,Sunlight > DirectionAngle x,Sunlight > DirectionAngle x,Sunlight > DirectionAngle x
,,,,,,,,,TopoCentric > YPR321 yaw rate,TopoCentric > Yaw Rate,TopoCentric > Yaw Rate,TopoCentric > Yaw Rate,TopoCentric > Yaw Rate,TopoCentric > Yaw Rate,TopoCentric > Yaw Rate,,,,,,,,,,,,,,,,,,,,,,,,,,,,,,,,,,,,,,,,,,,,,,,,,,,Sunlight > DirectionAngle y,,Sunlight > DirectionAngle y,Sunlight > DirectionAngle y,Sunlight > DirectionAngle y,Sunlight > DirectionAngle y,Sunlight > DirectionAngle y
,,,,,,,,,TopoCentric > YPR321 pitch rate,TopoCentric > Pitch Rate,TopoCentric > Pitch Rate,TopoCentric > Pitch Rate,TopoCentric > Pitch Rate,TopoCentric > Pitch Rate,TopoCentric > Pitch Rate,,,,,,,,,,,,,,,,,,,,,,,,,,,,,,,,,,,,,,,,,,,,,,,,,,,Sunlight > DirectionAngle z,,Sunlight > DirectionAngle z,Sunlight > DirectionAngle z,Sunlight > DirectionAngle z,Sunlight > DirectionAngle z,Sunlight > DirectionAngle z
,,,,,,,,,TopoCentric > YPR321 roll rate,TopoCentric > Roll Rate,TopoCentric > Roll Rate,TopoCentric > Roll Rate,TopoCentric > Roll Rate,TopoCentric > Roll Rate,TopoCentric > Roll Rate,,,,,,,,,,,,,,,,,,,,,,,,,,,,,,,,,,,,,,,,,,,,,,,,,,,Sunlight > Derivative x,,Sunlight > Derivative x,Sunlight > Derivative x,Sunlight > Derivative x,Sunlight > Derivative x,Sunlight > Derivative x
,,,,,,,,,TopoCentric > Euler321 precession rate,TopoCentric > Euler321 precession rate,TopoCentric > Euler321 precession rate,TopoCentric > Euler321 precession rate,TopoCentric > Euler321 precession rate,TopoCentric > Euler321 precession rate,TopoCentric > Euler321 precession rate,,,,,,,,,,,,,,,,,,,,,,,,,,,,,,,,,,,,,,,,,,,,,,,,,,,Sunlight > Derivative y,,Sunlight > Derivative y,Sunlight > Derivative y,Sunlight > Derivative y,Sunlight > Derivative y,Sunlight > Derivative y
,,,,,,,,,TopoCentric > Euler321 nutation rate,TopoCentric > Euler321 nutation rate,TopoCentric > Euler321 nutation rate,TopoCentric > Euler321 nutation rate,TopoCentric > Euler321 nutation rate,TopoCentric > Euler321 nutation rate,TopoCentric > Euler321 nutation rate,,,,,,,,,,,,,,,,,,,,,,,,,,,,,,,,,,,,,,,,,,,,,,,,,,,Sunlight > Derivative z,,Sunlight > Derivative z,Sunlight > Derivative z,Sunlight > Derivative z,Sunlight > Derivative z,Sunlight > Derivative z
,,,,,,,,,TopoCentric > Euler321 spin rate,TopoCentric > Euler321 spin rate,TopoCentric > Euler321 spin rate,TopoCentric > Euler321 spin rate,TopoCentric > Euler321 spin rate,TopoCentric > Euler321 spin rate,TopoCentric > Euler321 spin rate,,,,,,,,,,,,,,,,,,,,,,,,,,,,,,,,,,,,,,,,,,,,,,,,,,,Sunlight > Derivative Magnitude,,Sunlight > Derivative Magnitude,Sunlight > Derivative Magnitude,Sunlight > Derivative Magnitude,Sunlight > Derivative Magnitude,Sunlight > Derivative Magnitude
,,,,,,,,,TopoCentric > Euler323 precession rate,TopoCentric > Euler323 precession rate,TopoCentric > Euler323 precession rate,TopoCentric > Euler323 precession rate,TopoCentric > Euler323 precession rate,TopoCentric > Euler323 precession rate,TopoCentric > Euler323 precession rate,,,,,,,,,,,,,,,,,,,,,,,,,,,,,,,,,,,,,,,,,,,,,,,,,,,Sunlight > MagnitudeRate,,Sunlight > MagnitudeRate,Sunlight > MagnitudeRate,Sunlight > MagnitudeRate,Sunlight > MagnitudeRate,Sunlight > MagnitudeRate
,,,,,,,,,TopoCentric > Euler323 nutation rate,TopoCentric > Euler323 nutation rate,TopoCentric > Euler323 nutation rate,TopoCentric > Euler323 nutation rate,TopoCentric > Euler323 nutation rate,TopoCentric > Euler323 nutation rate,TopoCentric > Euler323 nutation rate,,,,,,,,,,,,,,,,,,,,,,,,,,,,,,,,,,,,,,,,,,,,,,,,,,,Sunlight > TransverseRate,,Sunlight > TransverseRate,Sunlight > TransverseRate,Sunlight > TransverseRate,Sunlight > TransverseRate,Sunlight > TransverseRate
,,,,,,,,,TopoCentric > Euler323 spin rate,TopoCentric > Euler323 spin rate,TopoCentric > Euler323 spin rate,TopoCentric > Euler323 spin rate,TopoCentric > Euler323 spin rate,TopoCentric > Euler323 spin rate,TopoCentric > Euler323 spin rate,,,,,,,,,,,,,,,,,,,,,,,,,,,,,,,,,,,,,,,,,,,,,,,,,,,Sunlight > AngularRate,,Sunlight > AngularRate,Sunlight > AngularRate,Sunlight > AngularRate,Sunlight > AngularRate,Sunlight > AngularRate
,,,,,,,,,Earth Fixed > Time,Earth Fixed > Time,Earth Fixed > Time,Earth Fixed > Time,Earth Fixed > Time,Earth Fixed > Time,Earth Fixed > Time,,,,,,,,,,,,,,,,,,,,,,,,,,,,,,,,,,,,,,,,,,,,,,,,,,,West > Time,,West > Time,West > Time,West > Time,West > Time,West > Time
,,,,,,,,,Earth Fixed > YPR321 yaw,Earth Fixed > Yaw,Earth Fixed > Yaw,Earth Fixed > Yaw,Earth Fixed > Yaw,Earth Fixed > Yaw,Earth Fixed > Yaw,,,,,,,,,,,,,,,,,,,,,,,,,,,,,,,,,,,,,,,,,,,,,,,,,,,West > x,,West > x,West > x,West > x,West > x,West > x
,,,,,,,,,Earth Fixed > YPR321 pitch,Earth Fixed > Pitch,Earth Fixed > Pitch,Earth Fixed > Pitch,Earth Fixed > Pitch,Earth Fixed > Pitch,Earth Fixed > Pitch,,,,,,,,,,,,,,,,,,,,,,,,,,,,,,,,,,,,,,,,,,,,,,,,,,,West > y,,West > y,West > y,West > y,West > y,West > y
,,,,,,,,,Earth Fixed > YPR321 roll,Earth Fixed > Roll,Earth Fixed > Roll,Earth Fixed > Roll,Earth Fixed > Roll,Earth Fixed > Roll,Earth Fixed > Roll,,,,,,,,,,,,,,,,,,,,,,,,,,,,,,,,,,,,,,,,,,,,,,,,,,,West > z,,West > z,West > z,West > z,West > z,West > z
,,,,,,,,,Earth Fixed > Euler321 precession,Earth Fixed > Euler321 precession,Earth Fixed > Euler321 precession,Earth Fixed > Euler321 precession,Earth Fixed > Euler321 precession,Earth Fixed > Euler321 precession,Earth Fixed > Euler321 precession,,,,,,,,,,,,,,,,,,,,,,,,,,,,,,,,,,,,,,,,,,,,,,,,,,,West > Magnitude,,West > Magnitude,West > Magnitude,West > Magnitude,West > Magnitude,West > Magnitude
,,,,,,,,,Earth Fixed > Euler321 nutation,Earth Fixed > Euler321 nutation,Earth Fixed > Euler321 nutation,Earth Fixed > Euler321 nutation,Earth Fixed > Euler321 nutation,Earth Fixed > Euler321 nutation,Earth Fixed > Euler321 nutation,,,,,,,,,,,,,,,,,,,,,,,,,,,,,,,,,,,,,,,,,,,,,,,,,,,West > x/Magnitude,,West > x/Magnitude,West > x/Magnitude,West > x/Magnitude,West > x/Magnitude,West > x/Magnitude
,,,,,,,,,Earth Fixed > Euler321 spin,Earth Fixed > Euler321 spin,Earth Fixed > Euler321 spin,Earth Fixed > Euler321 spin,Earth Fixed > Euler321 spin,Earth Fixed > Euler321 spin,Earth Fixed > Euler321 spin,,,,,,,,,,,,,,,,,,,,,,,,,,,,,,,,,,,,,,,,,,,,,,,,,,,West > y/Magnitude,,West > y/Magnitude,West > y/Magnitude,West > y/Magnitude,West > y/Magnitude,West > y/Magnitude
,,,,,,,,,Earth Fixed > Euler323 precession,Earth Fixed > Euler323 precession,Earth Fixed > Euler323 precession,Earth Fixed > Euler323 precession,Earth Fixed > Euler323 precession,Earth Fixed > Euler323 precession,Earth Fixed > Euler323 precession,,,,,,,,,,,,,,,,,,,,,,,,,,,,,,,,,,,,,,,,,,,,,,,,,,,West > z/Magnitude,,West > z/Magnitude,West > z/Magnitude,West > z/Magnitude,West > z/Magnitude,West > z/Magnitude
,,,,,,,,,Earth Fixed > Euler323 nutation,Earth Fixed > Euler323 nutation,Earth Fixed > Euler323 nutation,Earth Fixed > Euler323 nutation,Earth Fixed > Euler323 nutation,Earth Fixed > Euler323 nutation,Earth Fixed > Euler323 nutation,,,,,,,,,,,,,,,,,,,,,,,,,,,,,,,,,,,,,,,,,,,,,,,,,,,West > RightAscension,,West > RightAscension,West > RightAscension,West > RightAscension,West > RightAscension,West > RightAscension
,,,,,,,,,Earth Fixed > Euler323 spin,Earth Fixed > Euler323 spin,Earth Fixed > Euler323 spin,Earth Fixed > Euler323 spin,Earth Fixed > Euler323 spin,Earth Fixed > Euler323 spin,Earth Fixed > Euler323 spin,,,,,,,,,,,,,,,,,,,,,,,,,,,,,,,,,,,,,,,,,,,,,,,,,,,West > Declination,,West > Declination,West > Declination,West > Declination,West > Declination,West > Declination
,,,,,,,,,Earth Fixed > q1,Earth Fixed > q1,Earth Fixed > q1,Earth Fixed > q1,Earth Fixed > q1,Earth Fixed > q1,Earth Fixed > q1,,,,,,,,,,,,,,,,,,,,,,,,,,,,,,,,,,,,,,,,,,,,,,,,,,,West > Co-Declination,,West > Co-Declination,West > Co-Declination,West > Co-Declination,West > Co-Declination,West > Co-Declination
,,,,,,,,,Earth Fixed > q2,Earth Fixed > q2,Earth Fixed > q2,Earth Fixed > q2,Earth Fixed > q2,Earth Fixed > q2,Earth Fixed > q2,,,,,,,,,,,,,,,,,,,,,,,,,,,,,,,,,,,,,,,,,,,,,,,,,,,West > NegativeDeclination,,West > NegativeDeclination,West > NegativeDeclination,West > NegativeDeclination,West > NegativeDeclination,West > NegativeDeclination
,,,,,,,,,Earth Fixed > q3,Earth Fixed > q3,Earth Fixed > q3,Earth Fixed > q3,Earth Fixed > q3,Earth Fixed > q3,Earth Fixed > q3,,,,,,,,,,,,,,,,,,,,,,,,,,,,,,,,,,,,,,,,,,,,,,,,,,,West > DirectionAngle x,,West > DirectionAngle x,West > DirectionAngle x,West > DirectionAngle x,West > DirectionAngle x,West > DirectionAngle x
,,,,,,,,,Earth Fixed > q4,Earth Fixed > q4,Earth Fixed > q4,Earth Fixed > q4,Earth Fixed > q4,Earth Fixed > q4,Earth Fixed > q4,,,,,,,,,,,,,,,,,,,,,,,,,,,,,,,,,,,,,,,,,,,,,,,,,,,West > DirectionAngle y,,West > DirectionAngle y,West > DirectionAngle y,West > DirectionAngle y,West > DirectionAngle y,West > DirectionAngle y
,,,,,,,,,Earth Fixed > wx,Earth Fixed > wx,Earth Fixed > wx,Earth Fixed > wx,Earth Fixed > wx,Earth Fixed > wx,Earth Fixed > wx,,,,,,,,,,,,,,,,,,,,,,,,,,,,,,,,,,,,,,,,,,,,,,,,,,,West > DirectionAngle z,,West > DirectionAngle z,West > DirectionAngle z,West > DirectionAngle z,West > DirectionAngle z,West > DirectionAngle z
,,,,,,,,,Earth Fixed > wy,Earth Fixed > wy,Earth Fixed > wy,Earth Fixed > wy,Earth Fixed > wy,Earth Fixed > wy,Earth Fixed > wy,,,,,,,,,,,,,,,,,,,,,,,,,,,,,,,,,,,,,,,,,,,,,,,,,,,West > Derivative x,,West > Derivative x,West > Derivative x,West > Derivative x,West > Derivative x,West > Derivative x
,,,,,,,,,Earth Fixed > wz,Earth Fixed > wz,Earth Fixed > wz,Earth Fixed > wz,Earth Fixed > wz,Earth Fixed > wz,Earth Fixed > wz,,,,,,,,,,,,,,,,,,,,,,,,,,,,,,,,,,,,,,,,,,,,,,,,,,,West > Derivative y,,West > Derivative y,West > Derivative y,West > Derivative y,West > Derivative y,West > Derivative y
,,,,,,,,,Earth Fixed > w mag,Earth Fixed > w mag,Earth Fixed > w mag,Earth Fixed > w mag,Earth Fixed > w mag,Earth Fixed > w mag,Earth Fixed > w mag,,,,,,,,,,,,,,,,,,,,,,,,,,,,,,,,,,,,,,,,,,,,,,,,,,,West > Derivative z,,West > Derivative z,West > Derivative z,West > Derivative z,West > Derivative z,West > Derivative z
,,,,,,,,,Earth Fixed > RightAscension of w,Earth Fixed > RightAscension of w,Earth Fixed > RightAscension of w,Earth Fixed > RightAscension of w,Earth Fixed > RightAscension of w,Earth Fixed > RightAscension of w,Earth Fixed > RightAscension of w,,,,,,,,,,,,,,,,,,,,,,,,,,,,,,,,,,,,,,,,,,,,,,,,,,,West > Derivative Magnitude,,West > Derivative Magnitude,West > Derivative Magnitude,West > Derivative Magnitude,West > Derivative Magnitude,West > Derivative Magnitude
,,,,,,,,,Earth Fixed > Declination of w,Earth Fixed > Declination of w,Earth Fixed > Declination of w,Earth Fixed > Declination of w,Earth Fixed > Declination of w,Earth Fixed > Declination of w,Earth Fixed > Declination of w,,,,,,,,,,,,,,,,,,,,,,,,,,,,,,,,,,,,,,,,,,,,,,,,,,,West > MagnitudeRate,,West > MagnitudeRate,West > MagnitudeRate,West > MagnitudeRate,West > MagnitudeRate,West > MagnitudeRate
,,,,,,,,,Earth Fixed > Eigen-Angle,Earth Fixed > Eigen-Angle,Earth Fixed > Eigen-Angle,Earth Fixed > Eigen-Angle,Earth Fixed > Eigen-Angle,Earth Fixed > Eigen-Angle,Earth Fixed > Eigen-Angle,,,,,,,,,,,,,,,,,,,,,,,,,,,,,,,,,,,,,,,,,,,,,,,,,,,West > TransverseRate,,West > TransverseRate,West > TransverseRate,West > TransverseRate,West > TransverseRate,West > TransverseRate
,,,,,,,,,Earth Fixed > Eigen-Axis x,Earth Fixed > Eigen-Axis x,Earth Fixed > Eigen-Axis x,Earth Fixed > Eigen-Axis x,Earth Fixed > Eigen-Axis x,Earth Fixed > Eigen-Axis x,Earth Fixed > Eigen-Axis x,,,,,,,,,,,,,,,,,,,,,,,,,,,,,,,,,,,,,,,,,,,,,,,,,,,West > AngularRate,,West > AngularRate,West > AngularRate,West > AngularRate,West > AngularRate,West > AngularRate
,,,,,,,,,Earth Fixed > Eigen-Axis y,Earth Fixed > Eigen-Axis y,Earth Fixed > Eigen-Axis y,Earth Fixed > Eigen-Axis y,Earth Fixed > Eigen-Axis y,Earth Fixed > Eigen-Axis y,Earth Fixed > Eigen-Axis y,,,,,,,,,,,,,,,,,,,,,,,,,,,,,,,,,,,,,,,,,,,,,,,,,,,Zenith(Centric) > Time,,Zenith(Centric) > Time,Zenith(Centric) > Time,Zenith(Centric) > Time,Zenith(Centric) > Time,Zenith(Centric) > Time
,,,,,,,,,Earth Fixed > Eigen-Axis z,Earth Fixed > Eigen-Axis z,Earth Fixed > Eigen-Axis z,Earth Fixed > Eigen-Axis z,Earth Fixed > Eigen-Axis z,Earth Fixed > Eigen-Axis z,Earth Fixed > Eigen-Axis z,,,,,,,,,,,,,,,,,,,,,,,,,,,,,,,,,,,,,,,,,,,,,,,,,,,Zenith(Centric) > x,,Zenith(Centric) > x,Zenith(Centric) > x,Zenith(Centric) > x,Zenith(Centric) > x,Zenith(Centric) > x
,,,,,,,,,Earth Fixed > YPR321 yaw rate,Earth Fixed > Yaw Rate,Earth Fixed > Yaw Rate,Earth Fixed > Yaw Rate,Earth Fixed > Yaw Rate,Earth Fixed > Yaw Rate,Earth Fixed > Yaw Rate,,,,,,,,,,,,,,,,,,,,,,,,,,,,,,,,,,,,,,,,,,,,,,,,,,,Zenith(Centric) > y,,Zenith(Centric) > y,Zenith(Centric) > y,Zenith(Centric) > y,Zenith(Centric) > y,Zenith(Centric) > y
,,,,,,,,,Earth Fixed > YPR321 pitch rate,Earth Fixed > Pitch Rate,Earth Fixed > Pitch Rate,Earth Fixed > Pitch Rate,Earth Fixed > Pitch Rate,Earth Fixed > Pitch Rate,Earth Fixed > Pitch Rate,,,,,,,,,,,,,,,,,,,,,,,,,,,,,,,,,,,,,,,,,,,,,,,,,,,Zenith(Centric) > z,,Zenith(Centric) > z,Zenith(Centric) > z,Zenith(Centric) > z,Zenith(Centric) > z,Zenith(Centric) > z
,,,,,,,,,Earth Fixed > YPR321 roll rate,Earth Fixed > Roll Rate,Earth Fixed > Roll Rate,Earth Fixed > Roll Rate,Earth Fixed > Roll Rate,Earth Fixed > Roll Rate,Earth Fixed > Roll Rate,,,,,,,,,,,,,,,,,,,,,,,,,,,,,,,,,,,,,,,,,,,,,,,,,,,Zenith(Centric) > Magnitude,,Zenith(Centric) > Magnitude,Zenith(Centric) > Magnitude,Zenith(Centric) > Magnitude,Zenith(Centric) > Magnitude,Zenith(Centric) > Magnitude
,,,,,,,,,Earth Fixed > Euler321 precession rate,Earth Fixed > Euler321 precession rate,Earth Fixed > Euler321 precession rate,Earth Fixed > Euler321 precession rate,Earth Fixed > Euler321 precession rate,Earth Fixed > Euler321 precession rate,Earth Fixed > Euler321 precession rate,,,,,,,,,,,,,,,,,,,,,,,,,,,,,,,,,,,,,,,,,,,,,,,,,,,Zenith(Centric) > x/Magnitude,,Zenith(Centric) > x/Magnitude,Zenith(Centric) > x/Magnitude,Zenith(Centric) > x/Magnitude,Zenith(Centric) > x/Magnitude,Zenith(Centric) > x/Magnitude
,,,,,,,,,Earth Fixed > Euler321 nutation rate,Earth Fixed > Euler321 nutation rate,Earth Fixed > Euler321 nutation rate,Earth Fixed > Euler321 nutation rate,Earth Fixed > Euler321 nutation rate,Earth Fixed > Euler321 nutation rate,Earth Fixed > Euler321 nutation rate,,,,,,,,,,,,,,,,,,,,,,,,,,,,,,,,,,,,,,,,,,,,,,,,,,,Zenith(Centric) > y/Magnitude,,Zenith(Centric) > y/Magnitude,Zenith(Centric) > y/Magnitude,Zenith(Centric) > y/Magnitude,Zenith(Centric) > y/Magnitude,Zenith(Centric) > y/Magnitude
,,,,,,,,,Earth Fixed > Euler321 spin rate,Earth Fixed > Euler321 spin rate,Earth Fixed > Euler321 spin rate,Earth Fixed > Euler321 spin rate,Earth Fixed > Euler321 spin rate,Earth Fixed > Euler321 spin rate,Earth Fixed > Euler321 spin rate,,,,,,,,,,,,,,,,,,,,,,,,,,,,,,,,,,,,,,,,,,,,,,,,,,,Zenith(Centric) > z/Magnitude,,Zenith(Centric) > z/Magnitude,Zenith(Centric) > z/Magnitude,Zenith(Centric) > z/Magnitude,Zenith(Centric) > z/Magnitude,Zenith(Centric) > z/Magnitude
,,,,,,,,,Earth Fixed > Euler323 precession rate,Earth Fixed > Euler323 precession rate,Earth Fixed > Euler323 precession rate,Earth Fixed > Euler323 precession rate,Earth Fixed > Euler323 precession rate,Earth Fixed > Euler323 precession rate,Earth Fixed > Euler323 precession rate,,,,,,,,,,,,,,,,,,,,,,,,,,,,,,,,,,,,,,,,,,,,,,,,,,,Zenith(Centric) > RightAscension,,Zenith(Centric) > RightAscension,Zenith(Centric) > RightAscension,Zenith(Centric) > RightAscension,Zenith(Centric) > RightAscension,Zenith(Centric) > RightAscension
,,,,,,,,,Earth Fixed > Euler323 nutation rate,Earth Fixed > Euler323 nutation rate,Earth Fixed > Euler323 nutation rate,Earth Fixed > Euler323 nutation rate,Earth Fixed > Euler323 nutation rate,Earth Fixed > Euler323 nutation rate,Earth Fixed > Euler323 nutation rate,,,,,,,,,,,,,,,,,,,,,,,,,,,,,,,,,,,,,,,,,,,,,,,,,,,Zenith(Centric) > Declination,,Zenith(Centric) > Declination,Zenith(Centric) > Declination,Zenith(Centric) > Declination,Zenith(Centric) > Declination,Zenith(Centric) > Declination
,,,,,,,,,Earth Fixed > Euler323 spin rate,Earth Fixed > Euler323 spin rate,Earth Fixed > Euler323 spin rate,Earth Fixed > Euler323 spin rate,Earth Fixed > Euler323 spin rate,Earth Fixed > Euler323 spin rate,Earth Fixed > Euler323 spin rate,,,,,,,,,,,,,,,,,,,,,,,,,,,,,,,,,,,,,,,,,,,,,,,,,,,Zenith(Centric) > Co-Declination,,Zenith(Centric) > Co-Declination,Zenith(Centric) > Co-Declination,Zenith(Centric) > Co-Declination,Zenith(Centric) > Co-Declination,Zenith(Centric) > Co-Declination
,,,,,,,,,,,,,,,,,,,,,,,,,,,,,,,,,,,,,,,,,,,,,,,,,,,,,,,,,,,,,,,,,,Zenith(Centric) > NegativeDeclination,,Zenith(Centric) > NegativeDeclination,Zenith(Centric) > NegativeDeclination,Zenith(Centric) > NegativeDeclination,Zenith(Centric) > NegativeDeclination,Zenith(Centric) > NegativeDeclination
,,,,,,,,,,,,,,,,,,,,,,,,,,,,,,,,,,,,,,,,,,,,,,,,,,,,,,,,,,,,,,,,,,Zenith(Centric) > DirectionAngle x,,Zenith(Centric) > DirectionAngle x,Zenith(Centric) > DirectionAngle x,Zenith(Centric) > DirectionAngle x,Zenith(Centric) > DirectionAngle x,Zenith(Centric) > DirectionAngle x
,,,,,,,,,,,,,,,,,,,,,,,,,,,,,,,,,,,,,,,,,,,,,,,,,,,,,,,,,,,,,,,,,,Zenith(Centric) > DirectionAngle y,,Zenith(Centric) > DirectionAngle y,Zenith(Centric) > DirectionAngle y,Zenith(Centric) > DirectionAngle y,Zenith(Centric) > DirectionAngle y,Zenith(Centric) > DirectionAngle y
,,,,,,,,,,,,,,,,,,,,,,,,,,,,,,,,,,,,,,,,,,,,,,,,,,,,,,,,,,,,,,,,,,Zenith(Centric) > DirectionAngle z,,Zenith(Centric) > DirectionAngle z,Zenith(Centric) > DirectionAngle z,Zenith(Centric) > DirectionAngle z,Zenith(Centric) > DirectionAngle z,Zenith(Centric) > DirectionAngle z
,,,,,,,,,,,,,,,,,,,,,,,,,,,,,,,,,,,,,,,,,,,,,,,,,,,,,,,,,,,,,,,,,,Zenith(Centric) > Derivative x,,Zenith(Centric) > Derivative x,Zenith(Centric) > Derivative x,Zenith(Centric) > Derivative x,Zenith(Centric) > Derivative x,Zenith(Centric) > Derivative x
,,,,,,,,,,,,,,,,,,,,,,,,,,,,,,,,,,,,,,,,,,,,,,,,,,,,,,,,,,,,,,,,,,Zenith(Centric) > Derivative y,,Zenith(Centric) > Derivative y,Zenith(Centric) > Derivative y,Zenith(Centric) > Derivative y,Zenith(Centric) > Derivative y,Zenith(Centric) > Derivative y
,,,,,,,,,,,,,,,,,,,,,,,,,,,,,,,,,,,,,,,,,,,,,,,,,,,,,,,,,,,,,,,,,,Zenith(Centric) > Derivative z,,Zenith(Centric) > Derivative z,Zenith(Centric) > Derivative z,Zenith(Centric) > Derivative z,Zenith(Centric) > Derivative z,Zenith(Centric) > Derivative z
,,,,,,,,,,,,,,,,,,,,,,,,,,,,,,,,,,,,,,,,,,,,,,,,,,,,,,,,,,,,,,,,,,Zenith(Centric) > Derivative Magnitude,,Zenith(Centric) > Derivative Magnitude,Zenith(Centric) > Derivative Magnitude,Zenith(Centric) > Derivative Magnitude,Zenith(Centric) > Derivative Magnitude,Zenith(Centric) > Derivative Magnitude
,,,,,,,,,,,,,,,,,,,,,,,,,,,,,,,,,,,,,,,,,,,,,,,,,,,,,,,,,,,,,,,,,,Zenith(Centric) > MagnitudeRate,,Zenith(Centric) > MagnitudeRate,Zenith(Centric) > MagnitudeRate,Zenith(Centric) > MagnitudeRate,Zenith(Centric) > MagnitudeRate,Zenith(Centric) > MagnitudeRate
,,,,,,,,,,,,,,,,,,,,,,,,,,,,,,,,,,,,,,,,,,,,,,,,,,,,,,,,,,,,,,,,,,Zenith(Centric) > TransverseRate,,Zenith(Centric) > TransverseRate,Zenith(Centric) > TransverseRate,Zenith(Centric) > TransverseRate,Zenith(Centric) > TransverseRate,Zenith(Centric) > TransverseRate
,,,,,,,,,,,,,,,,,,,,,,,,,,,,,,,,,,,,,,,,,,,,,,,,,,,,,,,,,,,,,,,,,,Zenith(Centric) > AngularRate,,Zenith(Centric) > AngularRate,Zenith(Centric) > AngularRate,Zenith(Centric) > AngularRate,Zenith(Centric) > AngularRate,Zenith(Centric) > AngularRate
,,,,,,,,,,,,,,,,,,,,,,,,,,,,,,,,,,,,,,,,,,,,,,,,,,,,,,,,,,,,,,,,,,Zenith(Detic) > Time,,Zenith(Detic) > Time,Zenith(Detic) > Time,Zenith(Detic) > Time,Zenith(Detic) > Time,Zenith(Detic) > Time
,,,,,,,,,,,,,,,,,,,,,,,,,,,,,,,,,,,,,,,,,,,,,,,,,,,,,,,,,,,,,,,,,,Zenith(Detic) > x,,Zenith(Detic) > x,Zenith(Detic) > x,Zenith(Detic) > x,Zenith(Detic) > x,Zenith(Detic) > x
,,,,,,,,,,,,,,,,,,,,,,,,,,,,,,,,,,,,,,,,,,,,,,,,,,,,,,,,,,,,,,,,,,Zenith(Detic) > y,,Zenith(Detic) > y,Zenith(Detic) > y,Zenith(Detic) > y,Zenith(Detic) > y,Zenith(Detic) > y
,,,,,,,,,,,,,,,,,,,,,,,,,,,,,,,,,,,,,,,,,,,,,,,,,,,,,,,,,,,,,,,,,,Zenith(Detic) > z,,Zenith(Detic) > z,Zenith(Detic) > z,Zenith(Detic) > z,Zenith(Detic) > z,Zenith(Detic) > z
,,,,,,,,,,,,,,,,,,,,,,,,,,,,,,,,,,,,,,,,,,,,,,,,,,,,,,,,,,,,,,,,,,Zenith(Detic) > Magnitude,,Zenith(Detic) > Magnitude,Zenith(Detic) > Magnitude,Zenith(Detic) > Magnitude,Zenith(Detic) > Magnitude,Zenith(Detic) > Magnitude
,,,,,,,,,,,,,,,,,,,,,,,,,,,,,,,,,,,,,,,,,,,,,,,,,,,,,,,,,,,,,,,,,,Zenith(Detic) > x/Magnitude,,Zenith(Detic) > x/Magnitude,Zenith(Detic) > x/Magnitude,Zenith(Detic) > x/Magnitude,Zenith(Detic) > x/Magnitude,Zenith(Detic) > x/Magnitude
,,,,,,,,,,,,,,,,,,,,,,,,,,,,,,,,,,,,,,,,,,,,,,,,,,,,,,,,,,,,,,,,,,Zenith(Detic) > y/Magnitude,,Zenith(Detic) > y/Magnitude,Zenith(Detic) > y/Magnitude,Zenith(Detic) > y/Magnitude,Zenith(Detic) > y/Magnitude,Zenith(Detic) > y/Magnitude
,,,,,,,,,,,,,,,,,,,,,,,,,,,,,,,,,,,,,,,,,,,,,,,,,,,,,,,,,,,,,,,,,,Zenith(Detic) > z/Magnitude,,Zenith(Detic) > z/Magnitude,Zenith(Detic) > z/Magnitude,Zenith(Detic) > z/Magnitude,Zenith(Detic) > z/Magnitude,Zenith(Detic) > z/Magnitude
,,,,,,,,,,,,,,,,,,,,,,,,,,,,,,,,,,,,,,,,,,,,,,,,,,,,,,,,,,,,,,,,,,Zenith(Detic) > RightAscension,,Zenith(Detic) > RightAscension,Zenith(Detic) > RightAscension,Zenith(Detic) > RightAscension,Zenith(Detic) > RightAscension,Zenith(Detic) > RightAscension
,,,,,,,,,,,,,,,,,,,,,,,,,,,,,,,,,,,,,,,,,,,,,,,,,,,,,,,,,,,,,,,,,,Zenith(Detic) > Declination,,Zenith(Detic) > Declination,Zenith(Detic) > Declination,Zenith(Detic) > Declination,Zenith(Detic) > Declination,Zenith(Detic) > Declination
,,,,,,,,,,,,,,,,,,,,,,,,,,,,,,,,,,,,,,,,,,,,,,,,,,,,,,,,,,,,,,,,,,Zenith(Detic) > Co-Declination,,Zenith(Detic) > Co-Declination,Zenith(Detic) > Co-Declination,Zenith(Detic) > Co-Declination,Zenith(Detic) > Co-Declination,Zenith(Detic) > Co-Declination
,,,,,,,,,,,,,,,,,,,,,,,,,,,,,,,,,,,,,,,,,,,,,,,,,,,,,,,,,,,,,,,,,,Zenith(Detic) > NegativeDeclination,,Zenith(Detic) > NegativeDeclination,Zenith(Detic) > NegativeDeclination,Zenith(Detic) > NegativeDeclination,Zenith(Detic) > NegativeDeclination,Zenith(Detic) > NegativeDeclination
,,,,,,,,,,,,,,,,,,,,,,,,,,,,,,,,,,,,,,,,,,,,,,,,,,,,,,,,,,,,,,,,,,Zenith(Detic) > DirectionAngle x,,Zenith(Detic) > DirectionAngle x,Zenith(Detic) > DirectionAngle x,Zenith(Detic) > DirectionAngle x,Zenith(Detic) > DirectionAngle x,Zenith(Detic) > DirectionAngle x
,,,,,,,,,,,,,,,,,,,,,,,,,,,,,,,,,,,,,,,,,,,,,,,,,,,,,,,,,,,,,,,,,,Zenith(Detic) > DirectionAngle y,,Zenith(Detic) > DirectionAngle y,Zenith(Detic) > DirectionAngle y,Zenith(Detic) > DirectionAngle y,Zenith(Detic) > DirectionAngle y,Zenith(Detic) > DirectionAngle y
,,,,,,,,,,,,,,,,,,,,,,,,,,,,,,,,,,,,,,,,,,,,,,,,,,,,,,,,,,,,,,,,,,Zenith(Detic) > DirectionAngle z,,Zenith(Detic) > DirectionAngle z,Zenith(Detic) > DirectionAngle z,Zenith(Detic) > DirectionAngle z,Zenith(Detic) > DirectionAngle z,Zenith(Detic) > DirectionAngle z
,,,,,,,,,,,,,,,,,,,,,,,,,,,,,,,,,,,,,,,,,,,,,,,,,,,,,,,,,,,,,,,,,,Zenith(Detic) > Derivative x,,Zenith(Detic) > Derivative x,Zenith(Detic) > Derivative x,Zenith(Detic) > Derivative x,Zenith(Detic) > Derivative x,Zenith(Detic) > Derivative x
,,,,,,,,,,,,,,,,,,,,,,,,,,,,,,,,,,,,,,,,,,,,,,,,,,,,,,,,,,,,,,,,,,Zenith(Detic) > Derivative y,,Zenith(Detic) > Derivative y,Zenith(Detic) > Derivative y,Zenith(Detic) > Derivative y,Zenith(Detic) > Derivative y,Zenith(Detic) > Derivative y
,,,,,,,,,,,,,,,,,,,,,,,,,,,,,,,,,,,,,,,,,,,,,,,,,,,,,,,,,,,,,,,,,,Zenith(Detic) > Derivative z,,Zenith(Detic) > Derivative z,Zenith(Detic) > Derivative z,Zenith(Detic) > Derivative z,Zenith(Detic) > Derivative z,Zenith(Detic) > Derivative z
,,,,,,,,,,,,,,,,,,,,,,,,,,,,,,,,,,,,,,,,,,,,,,,,,,,,,,,,,,,,,,,,,,Zenith(Detic) > Derivative Magnitude,,Zenith(Detic) > Derivative Magnitude,Zenith(Detic) > Derivative Magnitude,Zenith(Detic) > Derivative Magnitude,Zenith(Detic) > Derivative Magnitude,Zenith(Detic) > Derivative Magnitude
,,,,,,,,,,,,,,,,,,,,,,,,,,,,,,,,,,,,,,,,,,,,,,,,,,,,,,,,,,,,,,,,,,Zenith(Detic) > MagnitudeRate,,Zenith(Detic) > MagnitudeRate,Zenith(Detic) > MagnitudeRate,Zenith(Detic) > MagnitudeRate,Zenith(Detic) > MagnitudeRate,Zenith(Detic) > MagnitudeRate
,,,,,,,,,,,,,,,,,,,,,,,,,,,,,,,,,,,,,,,,,,,,,,,,,,,,,,,,,,,,,,,,,,Zenith(Detic) > TransverseRate,,Zenith(Detic) > TransverseRate,Zenith(Detic) > TransverseRate,Zenith(Detic) > TransverseRate,Zenith(Detic) > TransverseRate,Zenith(Detic) > TransverseRate
,,,,,,,,,,,,,,,,,,,,,,,,,,,,,,,,,,,,,,,,,,,,,,,,,,,,,,,,,,,,,,,,,,Zenith(Detic) > AngularRate,,Zenith(Detic) > AngularRate,Zenith(Detic) > AngularRate,Zenith(Detic) > AngularRate,Zenith(Detic) > AngularRate,Zenith(Detic) > AngularRate
