Access Listing,Active Constraints,All Constraints,Angles,Available Times,Axes Choose Axes,Azimuth Elevation Mask,Body Axes Orientation,Body Axes Orientation:YPR 123,Body Axes Orientation:YPR 132,Body Axes Orientation:YPR 213,Body Axes Orientation:YPR 231,Body Axes Orientation:YPR 312,Body Axes Orientation:YPR 321,Boresight AzEl,Boresight Grazing LLA,Boresight Grazing LLR,Boresight Intersection,Boresight Intersection Lighting,Boresight Intersection Times,Boresight Vector,Collection of Interval Lists,Condition,Condition Set,Configured Constraints,Crdn Available Times,Data Provider Detail,Data Provider Summary,DeckAccess,DeckAccess Data,Disk Obstruction Times,EOIR Sensor Optics,EOIR Sensor Performance,EOIR Sensor To Target Metrics,EOIR System Image Quality,Footprint Area,Footprint Area At Distance,Interval,Interval List,Number Of Stars In FOV,Obscuration,Parameter Set: Attitude,Parameter Set: Cartographic Trajectory,Parameter Set: Orbit,Parameter Set: Trajectory,Parameter Set: Vector,Pattern Angle Extremals Intersection,Pattern Intersection,Pattern Intersection At Distance,Pattern Intersection Corners,Pattern Intersection Extremals,Planes Choose System,Planes(Fixed),Planes(ICRF),Planes(Inertial),Planes(J2000),Points Choose Plane,Points Choose System,Points(Fixed),Points(ICRF),Points(Inertial),Points(J2000),Refraction Settings,Scalar Calculations,Specular Point Times,Swath Points,Target Schedule,Time Array,Time Instant,User Supplied Data,Vector Choose Axes,Vector Choose Plane,Vectors(Body),Vectors(Fixed),Vectors(ICRF),Vectors(Inertial),Vectors(J2000)
Sort By Access Name > Access Name,Constraint,Constraint,Sun > Time,Start Time,Body > Time,Point Number,Body > Time,Body > Time,Body > Time,Body > Time,Body > Time,Body > Time,Body > Time,Time,Time,Time,Time,Sunlight > Start Time,Start Time,Time,FOVObscurationIntervals > Interval Number,AfterStart > Time,HoursAfterStart > Time,Constraint,Start Time,Info,Info,Start Time,Access Interval > Start Time,Horizon Earth > Start Time,Effective focal length,Horizontal pixels,Time,Spatial frequency,Time,Time,AvailabilityTimeSpan > Start Time,AvailabilityIntervals > Interval Number,Time,Time,Attitude(Fixed) > Time,Trajectory(Cartographic) > Time,Parameter Set: Orbit,Trajectory(CBF) > Time,Parameter Set: Vector,Latitude,Latitude,Latitude,Latitude,Latitude,Planes Choose System,Planes(Fixed),Planes(ICRF),Planes(Inertial),Planes(J2000),BoresightIntersection > Time,BoresightIntersection > Time,BoresightIntersection > Time,BoresightIntersection > Time,BoresightIntersection > Time,BoresightIntersection > Time,Settings,ElapsedTimeFromStart > Time,In Field Of View > Start Time,Point Number,Start Time,OneMinuteSampleTimes > Times,AvailabilityStartTime > Time Instant,Time,Boresight > Time,Boresight > Time,Boresight > Time,Boresight > Time,Boresight > Time,Boresight > Time,Boresight > Time
Sort By Access Name > Base Name,Value,Display Name,Sun > Angle,Stop Time,Body > YPR321 yaw,Azimuth,Body > YPR321 yaw,Body > Yaw,Body > Yaw,Body > Yaw,Body > Yaw,Body > Yaw,Body > Yaw,Parent Rel Azimuth,Latitude,Latitude,Latitude,Sunlight > Stop Time,Stop Time,Parent Body X,FOVObscurationIntervals > Start Time,AfterStart > Condition,HoursAfterStart > below_Hour_0,Display Name,Stop Time,,,Stop Time,Access Interval > Stop Time,Horizon Earth > Stop Time,F number,Vertical pixels,Range to Target,Diffraction limited MTF,Area,Area,AvailabilityTimeSpan > Stop Time,AvailabilityIntervals > Start Time,NumStars,Percent Obscured,Attitude(Fixed) > Quaternion.Q1,Trajectory(Cartographic) > Cartesian.X,,Trajectory(CBF) > Cartesian.X,,Longitude,Longitude,Longitude,Longitude,Longitude,,,,,,BoresightIntersection > 1-Axis Component,BoresightIntersection > x,BoresightIntersection > x,BoresightIntersection > x,BoresightIntersection > x,BoresightIntersection > x,,ElapsedTimeFromStart > Scalar,In Field Of View > Stop Time,Lat,Stop Time,OneMinuteSampleTimes > Graph End Times,AvailabilityStartTime > Graph Time Instant,,Boresight > x,Boresight > 1-Axis Component,Boresight > x,Boresight > x,Boresight > x,Boresight > x,Boresight > x
Sort By Access Name > Base ClassName,Display Name,Type,Sun > AngleRate,,Body > YPR321 pitch,Elevation,Body > YPR321 pitch,Body > Pitch,Body > Pitch,Body > Pitch,Body > Pitch,Body > Pitch,Body > Pitch,Parent Rel Elevation,Longitude,Longitude,Longitude,Sunlight > Duration,Duration,Parent Body Y,FOVObscurationIntervals > Stop Time,BeforeStop > Time,HoursAfterStart > Hour_0_to_Hour_1,Enabled,,,,Name,Access Interval > Name,Horizon Earth > Middle Time,Diffraction wavelength,Low band edge wavelength,In-band target irradiance,Optics MTF,UTM Zone,Area On Ground,AvailabilityTimeSpan > Duration,AvailabilityIntervals > Stop Time,,Percent Unobscured,Attitude(Fixed) > Quaternion.Q1 Rate,Trajectory(Cartographic) > Cartesian.X Rate,,Trajectory(CBF) > Cartesian.X Rate,,Altitude,Altitude,Altitude,Altitude,Altitude,,,,,,BoresightIntersection > 2-Axis Component,BoresightIntersection > y,BoresightIntersection > y,BoresightIntersection > y,BoresightIntersection > y,BoresightIntersection > y,,ElapsedTimeFromStart > Scalar Rate,In Field Of View > Duration,Lon,Duration,TrendingControlTimes > Times,AvailabilityStopTime > Time Instant,,Boresight > y,Boresight > 2-Axis Component,Boresight > y,Boresight > y,Boresight > y,Boresight > y,Boresight > y
Sort By Access Name > Base Path,From Linked Object,Dimension,,,Body > YPR321 roll,,Body > YPR321 roll,Body > Roll,Body > Roll,Body > Roll,Body > Roll,Body > Roll,Body > Roll,,Altitude,Radius,Range,Sunlight > Obstruction,Inertial Angle,Parent Body Z,FOVObscurationIntervals > Duration,BeforeStop > Condition,HoursAfterStart > Hour_1_to_Hour_2,From Linked Object,,,,Duration,Access Interval > Duration,Horizon Earth > Duration,Airy disk diameter,High band edge wavelength,Total noise equivalent irradiance,Jitter MTF,UTM Easting,Area At Distance,,AvailabilityIntervals > Duration,,Relative Unobscured Area,Attitude(Fixed) > Quaternion.Q2,Trajectory(Cartographic) > Cartesian.Y,,Trajectory(CBF) > Cartesian.Y,,CBF X,CBF X,CBF X,CBF X,CBF X,,,,,,BoresightIntersection > Distance,BoresightIntersection > z,BoresightIntersection > z,BoresightIntersection > z,BoresightIntersection > z,BoresightIntersection > z,,ElapsedTimeFromStop > Time,In Field Of View > Start Pass Number,UTM Zone,Object,TrendingControlTimes > Graph End Times,AvailabilityStopTime > Graph Time Instant,,Boresight > z,Boresight > Magnitude,Boresight > z,Boresight > z,Boresight > z,Boresight > z,Boresight > z
Sort By Access Name > Target Name,Dimension,Units for Min/Max,,,Body > Euler321 precession,,Body > Euler321 precession,Body > Euler321 precession,Body > Euler321 precession,Body > Euler321 precession,Body > Euler321 precession,Body > Euler321 precession,Body > Euler321 precession,,UTM Zone,,UTM Zone,Sunlight > Condition,Earth Fixed Central Angle,,LightingIntervals > Interval Number,,HoursAfterStart > Hour_2_to_Hour_3,Type,,,,Common Name,Access Interval > Common Name,Obstruction Earth > Start Time,Rayleigh resolution,Geometric FOV,Scene photon NEI,Horizontal detector footprint MTF,UTM Northing,UTM Zone,,,,Relative Obscured Area,Attitude(Fixed) > Quaternion.Q2 Rate,Trajectory(Cartographic) > Cartesian.Y Rate,,Trajectory(CBF) > Cartesian.Y Rate,,CBF Y,CBF Y,CBF Y,CBF Y,CBF Y,,,,,,BoresightIntersection > Direction Angle,BoresightIntersection > Magnitude,BoresightIntersection > Magnitude,BoresightIntersection > Magnitude,BoresightIntersection > Magnitude,BoresightIntersection > Magnitude,,ElapsedTimeFromStop > Scalar,In Field Of View > Stop Pass Number,UTM Easting,,,,,Boresight > Magnitude,Boresight > Direction Angle,Boresight > Magnitude,Boresight > Magnitude,Boresight > Magnitude,Boresight > Magnitude,Boresight > Magnitude
Sort By Access Name > Target ClassName,Units for Min/Max,Min,,,Body > Euler321 nutation,,Body > Euler321 nutation,Body > Euler321 nutation,Body > Euler321 nutation,Body > Euler321 nutation,Body > Euler321 nutation,Body > Euler321 nutation,Body > Euler321 nutation,,UTM Easting,,UTM Easting,Sunlight > Start Pass Number,Start Pass Number,,LightingIntervals > Start Time,,HoursAfterStart > Hour_3_to_Hour_4,Dimension,,,,,Start Time LocalHorizontal Geometry > Time,Obstruction Earth > Stop Time,Sparrow resolution,Horizontal geometric FOV,In-band target radiance,Vertical detector footprint MTF,MGRS Cell,UTM Easting,,,,,Attitude(Fixed) > Quaternion.Q3,Trajectory(Cartographic) > Cartesian.Z,,Trajectory(CBF) > Cartesian.Z,,CBF Z,CBF Z,CBF Z,CBF Z,CBF Z,,,,,,BoresightIntersection > Velocity 1-Axis Component,BoresightIntersection > x/Magnitude,BoresightIntersection > x/Magnitude,BoresightIntersection > x/Magnitude,BoresightIntersection > x/Magnitude,BoresightIntersection > x/Magnitude,,ElapsedTimeFromStop > Scalar Rate,In Field Of View > Start Path Number,UTM Northing,,,,,Boresight > x/Magnitude,Boresight > Derivative 1-Axis Component,Boresight > x/Magnitude,Boresight > x/Magnitude,Boresight > x/Magnitude,Boresight > x/Magnitude,Boresight > x/Magnitude
Sort By Access Name > Target Path,Min,Max,,,Body > Euler321 spin,,Body > Euler321 spin,Body > Euler321 spin,Body > Euler321 spin,Body > Euler321 spin,Body > Euler321 spin,Body > Euler321 spin,Body > Euler321 spin,,UTM Northing,,UTM Northing,Sunlight > Stop Pass Number,Stop Pass Number,,LightingIntervals > Stop Time,,HoursAfterStart > Hour_4_to_Hour_5,Units for Min/Max,,,,,Start Time LocalHorizontal Geometry > Azimuth,Obstruction Earth > Middle Time,Ensquared energy,Vertical geometric FOV,Effective background radiance,,,UTM Northing,,,,,Attitude(Fixed) > Quaternion.Q3 Rate,Trajectory(Cartographic) > Cartesian.Z Rate,,Trajectory(CBF) > Cartesian.Z Rate,,Range,Range,Range,Range,Range,,,,,,BoresightIntersection > Velocity 2-Axis Component,BoresightIntersection > y/Magnitude,BoresightIntersection > y/Magnitude,BoresightIntersection > y/Magnitude,BoresightIntersection > y/Magnitude,BoresightIntersection > y/Magnitude,,,In Field Of View > Stop Path Number,MGRS Cell,,,,,Boresight > y/Magnitude,Boresight > Derivative 2-Axis Component,Boresight > y/Magnitude,Boresight > y/Magnitude,Boresight > y/Magnitude,Boresight > y/Magnitude,Boresight > y/Magnitude
Sort By Access Name > Light Time Delay,Max,Value,,,Body > Euler323 precession,,Body > Euler323 precession,Body > Euler323 precession,Body > Euler323 precession,Body > Euler323 precession,Body > Euler323 precession,Body > Euler323 precession,Body > Euler323 precession,,MGRS Cell,,MGRS Cell,Sunlight > Start Path Number,Start Path Number,,LightingIntervals > Duration,,HoursAfterStart > Hour_5_to_Hour_6,Min,,,,,Start Time LocalHorizontal Geometry > Elevation,Obstruction Earth > Duration,,Geometric instantaneous FOV,Total noise equivalent radiance,,,MGRS Cell,,,,,Attitude(Fixed) > Quaternion.Q4,Trajectory(Cartographic) > Cartesian.Radius,,Trajectory(CBF) > Cartesian.Radius,,Distance AlongGroundTrack,Distance AlongGroundTrack,Distance AlongGroundTrack,Distance AlongGroundTrack,Distance AlongGroundTrack,,,,,,BoresightIntersection > Speed,BoresightIntersection > z/Magnitude,BoresightIntersection > z/Magnitude,BoresightIntersection > z/Magnitude,BoresightIntersection > z/Magnitude,BoresightIntersection > z/Magnitude,,,Out Of Field Of View > Start Time,,,,,,Boresight > z/Magnitude,Boresight > Derivative Magnitude,Boresight > z/Magnitude,Boresight > z/Magnitude,Boresight > z/Magnitude,Boresight > z/Magnitude,Boresight > z/Magnitude
Sort By Access Name > ClockHost,Data Value with Units,Value with Units,,,Body > Euler323 nutation,,Body > Euler323 nutation,Body > Euler323 nutation,Body > Euler323 nutation,Body > Euler323 nutation,Body > Euler323 nutation,Body > Euler323 nutation,Body > Euler323 nutation,,,,,Sunlight > Stop Path Number,Stop Path Number,,,,HoursAfterStart > Hour_6_to_Hour_7,Max,,,,,Start Time LocalHorizontal Geometry > Range,Total Obstruction Earth > Start Time,,Horizontal geometric instantaneous FOV,Scene photon NER,,,,,,,,Attitude(Fixed) > Quaternion.Q4 Rate,Trajectory(Cartographic) > Cartesian.Radius Rate,,Trajectory(CBF) > Cartesian.Radius Rate,,Distance PerpToGroundTrack,Distance PerpToGroundTrack,Distance PerpToGroundTrack,Distance PerpToGroundTrack,Distance PerpToGroundTrack,,,,,,BoresightIntersection > Heading Angle,BoresightIntersection > RightAscension,BoresightIntersection > RightAscension,BoresightIntersection > RightAscension,BoresightIntersection > RightAscension,BoresightIntersection > RightAscension,,,Out Of Field Of View > Stop Time,,,,,,Boresight > RightAscension,Boresight > Derivative Direction Angle,Boresight > RightAscension,Boresight > RightAscension,Boresight > RightAscension,Boresight > RightAscension,Boresight > RightAscension
Sort By Access Name > Signal Sense,Value with Units,To Classes,,,Body > Euler323 spin,,Body > Euler323 spin,Body > Euler323 spin,Body > Euler323 spin,Body > Euler323 spin,Body > Euler323 spin,Body > Euler323 spin,Body > Euler323 spin,,,,,Penumbra > Start Time,,,,,HoursAfterStart > Hour_7_to_Hour_8,Value with Units,,,,,Start Time LocalHorizontal Geometry > Range Rate,Total Obstruction Earth > Stop Time,,Vertical geometric instantaneous FOV,Signal to noise ratio,,,,,,,,Attitude(Fixed) > Euler.121.A,Trajectory(Cartographic) > Detic.LLA.Latitude,,Trajectory(CBF) > Spherical.Azimuth,,Extremal Angle,UTM Zone,UTM Zone,Point Index,UTM Zone,,,,,,BoresightIntersection(Terrain) > Time,BoresightIntersection > Declination,BoresightIntersection > Declination,BoresightIntersection > Declination,BoresightIntersection > Declination,BoresightIntersection > Declination,,,Out Of Field Of View > Duration,,,,,,Boresight > Declination,Moonlight > Time,Boresight > Declination,Boresight > Declination,Boresight > Declination,Boresight > Declination,Boresight > Declination
Sort By Access Name > Aberration Type,Action,Action,,,Body > q1,,Body > q1,Body > q1,Body > q1,Body > q1,Body > q1,Body > q1,Body > q1,,,,,Penumbra > Stop Time,,,,,HoursAfterStart > Hour_8_to_Hour_9,Action,,,,,Start Time LocalHorizontal Geometry > Azimuth Rate,Total Obstruction Earth > Middle Time,,Effective FOV,Geometric instantaneous field of view footprint,,,,,,,,Attitude(Fixed) > Euler.121.A Rate,Trajectory(Cartographic) > Detic.LLA.Latitude Rate,,Trajectory(CBF) > Spherical.Azimuth Rate,,Line Number,UTM Easting,UTM Easting,Point Name,UTM Easting,,,,,,BoresightIntersection(Terrain) > 1-Axis Component,BoresightIntersection > Co-Declination,BoresightIntersection > Co-Declination,BoresightIntersection > Co-Declination,BoresightIntersection > Co-Declination,BoresightIntersection > Co-Declination,,,Out Of Field Of View > Start Pass Number,,,,,,Boresight > Co-Declination,Moonlight > 1-Axis Component,Boresight > Co-Declination,Boresight > Co-Declination,Boresight > Co-Declination,Boresight > Co-Declination,Boresight > Co-Declination
Sort By Access Name > Save Computed Data,Max Time Step,Computational Weight,,,Body > q2,,Body > q2,Body > q2,Body > q2,Body > q2,Body > q2,Body > q2,Body > q2,,,,,Penumbra > Duration,,,,,HoursAfterStart > Hour_9_to_Hour_10,Max Time Step,,,,,Start Time LocalHorizontal Geometry > Elevation Rate,Total Obstruction Earth > Duration,,Horizontal effective FOV,Effective instantaneous field of view footprint,,,,,,,,Attitude(Fixed) > Euler.121.B,Trajectory(Cartographic) > Detic.LLA.Longitude,,Trajectory(CBF) > Spherical.Elevation,,UTM Zone,UTM Northing,UTM Northing,UTM Zone,UTM Northing,,,,,,BoresightIntersection(Terrain) > 2-Axis Component,BoresightIntersection > NegativeDeclination,BoresightIntersection > NegativeDeclination,BoresightIntersection > NegativeDeclination,BoresightIntersection > NegativeDeclination,BoresightIntersection > NegativeDeclination,,,Out Of Field Of View > Stop Pass Number,,,,,,Boresight > NegativeDeclination,Moonlight > 2-Axis Component,Boresight > NegativeDeclination,Boresight > NegativeDeclination,Boresight > NegativeDeclination,Boresight > NegativeDeclination,Boresight > NegativeDeclination
Sort By Access Name > Time Convergence,Max Relative Motion,Max Time Step,,,Body > q3,,Body > q3,Body > q3,Body > q3,Body > q3,Body > q3,Body > q3,Body > q3,,,,,Penumbra > Obstruction,,,,,HoursAfterStart > Hour_10_to_Hour_11,Max Relative Motion,,,,,Start Time LocalHorizontal Geometry > Relative Velocity,Full Disk Earth > Start Time,,Vertical effective FOV,Target Peak Spectral Irradiance,,,,,,,,Attitude(Fixed) > Euler.121.B Rate,Trajectory(Cartographic) > Detic.LLA.Longitude Rate,,Trajectory(CBF) > Spherical.Elevation Rate,,UTM Easting,MGRS Cell,MGRS Cell,UTM Easting,MGRS Cell,,,,,,BoresightIntersection(Terrain) > Distance,BoresightIntersection > Detic Latitude,BoresightIntersection > Detic Latitude,BoresightIntersection > Detic Latitude,BoresightIntersection > Detic Latitude,BoresightIntersection > Detic Latitude,,,Out Of Field Of View > Start Path Number,,,,,,Boresight > DirectionAngle x,Moonlight > Magnitude,Boresight > DirectionAngle x,Boresight > DirectionAngle x,Boresight > DirectionAngle x,Boresight > DirectionAngle x,Boresight > DirectionAngle x
Sort By Access Name > Min Step,To Classes,Max Relative Motion,,,Body > q4,,Body > q4,Body > q4,Body > q4,Body > q4,Body > q4,Body > q4,Body > q4,,,,,Penumbra > Condition,,,,,HoursAfterStart > Hour_11_above,To Classes,,,,,Start Time LocalHorizontal Geometry > Horizontal Relative Velocity,Full Disk Earth > Stop Time,,Effective instantaneous FOV,Target Peak Spectral Radiance,,,,,,,,Attitude(Fixed) > Euler.121.C,Trajectory(Cartographic) > Detic.LLA.Altitude,,Trajectory(CBF) > Spherical.CoElevation,,UTM Northing,,,UTM Northing,,,,,,,BoresightIntersection(Terrain) > Direction Angle,BoresightIntersection > Detic Longitude,BoresightIntersection > Detic Longitude,BoresightIntersection > Detic Longitude,BoresightIntersection > Detic Longitude,BoresightIntersection > Detic Longitude,,,Out Of Field Of View > Stop Path Number,,,,,,Boresight > DirectionAngle y,Moonlight > Direction Angle,Boresight > DirectionAngle y,Boresight > DirectionAngle y,Boresight > DirectionAngle y,Boresight > DirectionAngle y,Boresight > DirectionAngle y
Sort By Access Name > Max Step,,,,,Body > wx,,Body > wx,Body > wx,Body > wx,Body > wx,Body > wx,Body > wx,Body > wx,,,,,Penumbra > Start Pass Number,,,,,HoursBeforeStop > Time,,,,,,Stop Time LocalHorizontal Geometry > Time,Full Disk Earth > Middle Time,,Horizontal effective instantaneous FOV,Number of Target Pixels,,,,,,,,Attitude(Fixed) > Euler.121.C Rate,Trajectory(Cartographic) > Detic.LLA.Altitude Rate,,Trajectory(CBF) > Spherical.CoElevation Rate,,MGRS Cell,,,MGRS Cell,,,,,,,BoresightIntersection(Terrain) > Velocity 1-Axis Component,BoresightIntersection > Detic Altitude,BoresightIntersection > Detic Altitude,BoresightIntersection > Detic Altitude,BoresightIntersection > Detic Altitude,BoresightIntersection > Detic Altitude,,,,,,,,,Boresight > DirectionAngle z,Moonlight > Derivative 1-Axis Component,Boresight > DirectionAngle z,Boresight > DirectionAngle z,Boresight > DirectionAngle z,Boresight > DirectionAngle z,Boresight > DirectionAngle z
Sort By Base Name > Access Name,,,,,Body > wy,,Body > wy,Body > wy,Body > wy,Body > wy,Body > wy,Body > wy,Body > wy,,,,,Penumbra > Stop Pass Number,,,,,HoursBeforeStop > below_Hour_11,,,,,,Stop Time LocalHorizontal Geometry > Azimuth,Full Disk Earth > Duration,,Vertical effective instantaneous FOV,Target geometric centroid X(Pixels),,,,,,,,Attitude(Fixed) > Euler.123.A,Trajectory(Cartographic) > Detic.SurfaceNormal.X,,Trajectory(CBF) > Spherical.Radius,,,,,,,,,,,,BoresightIntersection(Terrain) > Velocity 2-Axis Component,BoresightIntersection > DirectionAngle x,BoresightIntersection > DirectionAngle x,BoresightIntersection > DirectionAngle x,BoresightIntersection > DirectionAngle x,BoresightIntersection > DirectionAngle x,,,,,,,,,Boresight > Derivative x,Moonlight > Derivative 2-Axis Component,Boresight > Derivative x,Boresight > Derivative x,Boresight > Derivative x,Boresight > Derivative x,Boresight > Derivative x
Sort By Base Name > Base Name,,,,,Body > wz,,Body > wz,Body > wz,Body > wz,Body > wz,Body > wz,Body > wz,Body > wz,,,,,Penumbra > Start Path Number,,,,,HoursBeforeStop > Hour_11_to_Hour_10,,,,,,Stop Time LocalHorizontal Geometry > Elevation,Horizon Moon > Start Time,,Sensor peak radiance responsivity,Target geometric centroid Y(Pixels),,,,,,,,Attitude(Fixed) > Euler.123.A Rate,Trajectory(Cartographic) > Detic.SurfaceNormal.X Rate,,Trajectory(CBF) > Spherical.Radius Rate,,,,,,,,,,,,BoresightIntersection(Terrain) > Speed,BoresightIntersection > DirectionAngle y,BoresightIntersection > DirectionAngle y,BoresightIntersection > DirectionAngle y,BoresightIntersection > DirectionAngle y,BoresightIntersection > DirectionAngle y,,,,,,,,,Boresight > Derivative y,Moonlight > Derivative Magnitude,Boresight > Derivative y,Boresight > Derivative y,Boresight > Derivative y,Boresight > Derivative y,Boresight > Derivative y
Sort By Base Name > Base ClassName,,,,,Body > w mag,,Body > w mag,Body > w mag,Body > w mag,Body > w mag,Body > w mag,Body > w mag,Body > w mag,,,,,Penumbra > Stop Path Number,,,,,HoursBeforeStop > Hour_10_to_Hour_9,,,,,,Stop Time LocalHorizontal Geometry > Range,Horizon Moon > Stop Time,,Sensor peak irradiance responsivity,Target Solid Angle,,,,,,,,Attitude(Fixed) > Euler.123.B,Trajectory(Cartographic) > Detic.SurfaceNormal.Y,,Trajectory(CBF) > Cylindrical.Azimuth,,,,,,,,,,,,BoresightIntersection(Terrain) > Heading Angle,BoresightIntersection > DirectionAngle z,BoresightIntersection > DirectionAngle z,BoresightIntersection > DirectionAngle z,BoresightIntersection > DirectionAngle z,BoresightIntersection > DirectionAngle z,,,,,,,,,Boresight > Derivative z,Moonlight > Derivative Direction Angle,Boresight > Derivative z,Boresight > Derivative z,Boresight > Derivative z,Boresight > Derivative z,Boresight > Derivative z
Sort By Base Name > Base Path,,,,,Body > RightAscension of w,,Body > RightAscension of w,Body > RightAscension of w,Body > RightAscension of w,Body > RightAscension of w,Body > RightAscension of w,Body > RightAscension of w,Body > RightAscension of w,,,,,Umbra > Start Time,,,,,HoursBeforeStop > Hour_9_to_Hour_8,,,,,,Stop Time LocalHorizontal Geometry > Range Rate,Horizon Moon > Middle Time,,Sensor NEI,,,,,,,,,Attitude(Fixed) > Euler.123.B Rate,Trajectory(Cartographic) > Detic.SurfaceNormal.Y Rate,,Trajectory(CBF) > Cylindrical.Azimuth Rate,,,,,,,,,,,,Center > Time,BoresightIntersection > Velocity x,BoresightIntersection > Velocity x,BoresightIntersection > Velocity x,BoresightIntersection > Velocity x,BoresightIntersection > Velocity x,,,,,,,,,Boresight > Derivative Magnitude,MySatellite > Time,Boresight > Derivative Magnitude,Boresight > Derivative Magnitude,Boresight > Derivative Magnitude,Boresight > Derivative Magnitude,Boresight > Derivative Magnitude
Sort By Base Name > Target Name,,,,,Body > Declination of w,,Body > Declination of w,Body > Declination of w,Body > Declination of w,Body > Declination of w,Body > Declination of w,Body > Declination of w,Body > Declination of w,,,,,Umbra > Stop Time,,,,,HoursBeforeStop > Hour_8_to_Hour_7,,,,,,Stop Time LocalHorizontal Geometry > Azimuth Rate,Horizon Moon > Duration,,Sensor NER,,,,,,,,,Attitude(Fixed) > Euler.123.C,Trajectory(Cartographic) > Detic.SurfaceNormal.Z,,Trajectory(CBF) > Cylindrical.Height,,,,,,,,,,,,Center > 1-Axis Component,BoresightIntersection > Velocity y,BoresightIntersection > Velocity y,BoresightIntersection > Velocity y,BoresightIntersection > Velocity y,BoresightIntersection > Velocity y,,,,,,,,,Boresight > MagnitudeRate,MySatellite > 1-Axis Component,Boresight > MagnitudeRate,Boresight > MagnitudeRate,Boresight > MagnitudeRate,Boresight > MagnitudeRate,Boresight > MagnitudeRate
Sort By Base Name > Target ClassName,,,,,Body > Eigen-Angle,,Body > Eigen-Angle,Body > Eigen-Angle,Body > Eigen-Angle,Body > Eigen-Angle,Body > Eigen-Angle,Body > Eigen-Angle,Body > Eigen-Angle,,,,,Umbra > Duration,,,,,HoursBeforeStop > Hour_7_to_Hour_6,,,,,,Stop Time LocalHorizontal Geometry > Elevation Rate,Obstruction Moon > Start Time,,Sensor SEI,,,,,,,,,Attitude(Fixed) > Euler.123.C Rate,Trajectory(Cartographic) > Detic.SurfaceNormal.Z Rate,,Trajectory(CBF) > Cylindrical.Height Rate,,,,,,,,,,,,Center > 2-Axis Component,BoresightIntersection > Velocity z,BoresightIntersection > Velocity z,BoresightIntersection > Velocity z,BoresightIntersection > Velocity z,BoresightIntersection > Velocity z,,,,,,,,,Boresight > TransverseRate,MySatellite > 2-Axis Component,Boresight > TransverseRate,Boresight > TransverseRate,Boresight > TransverseRate,Boresight > TransverseRate,Boresight > TransverseRate
Sort By Base Name > Target Path,,,,,Body > Eigen-Axis x,,Body > Eigen-Axis x,Body > Eigen-Axis x,Body > Eigen-Axis x,Body > Eigen-Axis x,Body > Eigen-Axis x,Body > Eigen-Axis x,Body > Eigen-Axis x,,,,,Umbra > Obstruction,,,,,HoursBeforeStop > Hour_6_to_Hour_5,,,,,,Stop Time LocalHorizontal Geometry > Relative Velocity,Obstruction Moon > Stop Time,,Sensor SER,,,,,,,,,Attitude(Fixed) > Euler.131.A,Trajectory(Cartographic) > Detic.SubPoint.X,,Trajectory(CBF) > Cylindrical.Radius,,,,,,,,,,,,Center > Distance,BoresightIntersection > Velocity Magnitude,BoresightIntersection > Velocity Magnitude,BoresightIntersection > Velocity Magnitude,BoresightIntersection > Velocity Magnitude,BoresightIntersection > Velocity Magnitude,,,,,,,,,Boresight > AngularRate,MySatellite > Magnitude,Boresight > AngularRate,Boresight > AngularRate,Boresight > AngularRate,Boresight > AngularRate,Boresight > AngularRate
Sort By Base Name > Light Time Delay,,,,,Body > Eigen-Axis y,,Body > Eigen-Axis y,Body > Eigen-Axis y,Body > Eigen-Axis y,Body > Eigen-Axis y,Body > Eigen-Axis y,Body > Eigen-Axis y,Body > Eigen-Axis y,,,,,Umbra > Condition,,,,,HoursBeforeStop > Hour_5_to_Hour_4,,,,,,Stop Time LocalHorizontal Geometry > Horizontal Relative Velocity,Obstruction Moon > Middle Time,,,,,,,,,,,Attitude(Fixed) > Euler.131.A Rate,Trajectory(Cartographic) > Detic.SubPoint.X Rate,,Trajectory(CBF) > Cylindrical.Radius Rate,,,,,,,,,,,,Center > Direction Angle,BoresightIntersection(Terrain) > Time,BoresightIntersection > UTM Zone,BoresightIntersection(Terrain) > Time,BoresightIntersection(Terrain) > Time,BoresightIntersection(Terrain) > Time,,,,,,,,,Moonlight > Time,MySatellite > Direction Angle,Moonlight > Time,Moonlight > Time,Moonlight > Time,Moonlight > Time,Moonlight > Time
Sort By Base Name > ClockHost,,,,,Body > Eigen-Axis z,,Body > Eigen-Axis z,Body > Eigen-Axis z,Body > Eigen-Axis z,Body > Eigen-Axis z,Body > Eigen-Axis z,Body > Eigen-Axis z,Body > Eigen-Axis z,,,,,Umbra > Start Pass Number,,,,,HoursBeforeStop > Hour_4_to_Hour_3,,,,,,Start Time CBFVVLH Geometry > Time,Obstruction Moon > Duration,,,,,,,,,,,Attitude(Fixed) > Euler.131.B,Trajectory(Cartographic) > Detic.SubPoint.Y,,Trajectory(CBI) > Time,,,,,,,,,,,,Center > Velocity 1-Axis Component,BoresightIntersection(Terrain) > x,BoresightIntersection > UTM Easting,BoresightIntersection(Terrain) > x,BoresightIntersection(Terrain) > x,BoresightIntersection(Terrain) > x,,,,,,,,,Moonlight > x,MySatellite > Derivative 1-Axis Component,Moonlight > x,Moonlight > x,Moonlight > x,Moonlight > x,Moonlight > x
Sort By Base Name > Signal Sense,,,,,ICRF > Time,,Body > YPR321 yaw rate,Body > Yaw Rate,Body > Yaw Rate,Body > Yaw Rate,Body > Yaw Rate,Body > Yaw Rate,Body > Yaw Rate,,,,,Umbra > Stop Pass Number,,,,,HoursBeforeStop > Hour_3_to_Hour_2,,,,,,Start Time CBFVVLH Geometry > Azimuth,Total Obstruction Moon > Start Time,,,,,,,,,,,Attitude(Fixed) > Euler.131.B Rate,Trajectory(Cartographic) > Detic.SubPoint.Y Rate,,Trajectory(CBI) > Cartesian.X,,,,,,,,,,,,Center > Velocity 2-Axis Component,BoresightIntersection(Terrain) > y,BoresightIntersection > UTM Northing,BoresightIntersection(Terrain) > y,BoresightIntersection(Terrain) > y,BoresightIntersection(Terrain) > y,,,,,,,,,Moonlight > y,MySatellite > Derivative 2-Axis Component,Moonlight > y,Moonlight > y,Moonlight > y,Moonlight > y,Moonlight > y
Sort By Base Name > Aberration Type,,,,,ICRF > YPR321 yaw,,Body > YPR321 pitch rate,Body > Pitch Rate,Body > Pitch Rate,Body > Pitch Rate,Body > Pitch Rate,Body > Pitch Rate,Body > Pitch Rate,,,,,Umbra > Start Path Number,,,,,HoursBeforeStop > Hour_2_to_Hour_1,,,,,,Start Time CBFVVLH Geometry > Elevation,Total Obstruction Moon > Stop Time,,,,,,,,,,,Attitude(Fixed) > Euler.131.C,Trajectory(Cartographic) > Detic.SubPoint.Z,,Trajectory(CBI) > Cartesian.X Rate,,,,,,,,,,,,Center > Speed,BoresightIntersection(Terrain) > z,BoresightIntersection > MGRS Cell,BoresightIntersection(Terrain) > z,BoresightIntersection(Terrain) > z,BoresightIntersection(Terrain) > z,,,,,,,,,Moonlight > z,MySatellite > Derivative Magnitude,Moonlight > z,Moonlight > z,Moonlight > z,Moonlight > z,Moonlight > z
Sort By Base Name > Save Computed Data,,,,,ICRF > YPR321 pitch,,Body > YPR321 roll rate,Body > Roll Rate,Body > Roll Rate,Body > Roll Rate,Body > Roll Rate,Body > Roll Rate,Body > Roll Rate,,,,,Umbra > Stop Path Number,,,,,HoursBeforeStop > Hour_1_to_Hour_0,,,,,,Start Time CBFVVLH Geometry > Range,Total Obstruction Moon > Middle Time,,,,,,,,,,,Attitude(Fixed) > Euler.131.C Rate,Trajectory(Cartographic) > Detic.SubPoint.Z Rate,,Trajectory(CBI) > Cartesian.Y,,,,,,,,,,,,Center > Heading Angle,BoresightIntersection(Terrain) > Magnitude,BoresightIntersection(Terrain) > Time,BoresightIntersection(Terrain) > Magnitude,BoresightIntersection(Terrain) > Magnitude,BoresightIntersection(Terrain) > Magnitude,,,,,,,,,Moonlight > Magnitude,MySatellite > Derivative Direction Angle,Moonlight > Magnitude,Moonlight > Magnitude,Moonlight > Magnitude,Moonlight > Magnitude,Moonlight > Magnitude
Sort By Base Name > Time Convergence,,,,,ICRF > YPR321 roll,,Body > Euler321 precession rate,Body > Euler321 precession rate,Body > Euler321 precession rate,Body > Euler321 precession rate,Body > Euler321 precession rate,Body > Euler321 precession rate,Body > Euler321 precession rate,,,,,All Conditions > Start Time,,,,,HoursBeforeStop > Hour_0_above,,,,,,Start Time CBFVVLH Geometry > Range Rate,Total Obstruction Moon > Duration,,,,,,,,,,,Attitude(Fixed) > Euler.132.A,Trajectory(Cartographic) > Detic.SubPoint.Radius,,Trajectory(CBI) > Cartesian.Y Rate,,,,,,,,,,,,,BoresightIntersection(Terrain) > x/Magnitude,BoresightIntersection(Terrain) > x,BoresightIntersection(Terrain) > x/Magnitude,BoresightIntersection(Terrain) > x/Magnitude,BoresightIntersection(Terrain) > x/Magnitude,,,,,,,,,Moonlight > x/Magnitude,Spin > Time,Moonlight > x/Magnitude,Moonlight > x/Magnitude,Moonlight > x/Magnitude,Moonlight > x/Magnitude,Moonlight > x/Magnitude
Sort By Base Name > Min Step,,,,,ICRF > Euler321 precession,,Body > Euler321 nutation rate,Body > Euler321 nutation rate,Body > Euler321 nutation rate,Body > Euler321 nutation rate,Body > Euler321 nutation rate,Body > Euler321 nutation rate,Body > Euler321 nutation rate,,,,,All Conditions > Stop Time,,,,,,,,,,,Start Time CBFVVLH Geometry > Azimuth Rate,Full Disk Moon > Start Time,,,,,,,,,,,Attitude(Fixed) > Euler.132.A Rate,Trajectory(Cartographic) > Detic.SubPoint.Radius Rate,,Trajectory(CBI) > Cartesian.Z,,,,,,,,,,,,,BoresightIntersection(Terrain) > y/Magnitude,BoresightIntersection(Terrain) > y,BoresightIntersection(Terrain) > y/Magnitude,BoresightIntersection(Terrain) > y/Magnitude,BoresightIntersection(Terrain) > y/Magnitude,,,,,,,,,Moonlight > y/Magnitude,Spin > 1-Axis Component,Moonlight > y/Magnitude,Moonlight > y/Magnitude,Moonlight > y/Magnitude,Moonlight > y/Magnitude,Moonlight > y/Magnitude
Sort By Base Name > Max Step,,,,,ICRF > Euler321 nutation,,Body > Euler321 spin rate,Body > Euler321 spin rate,Body > Euler321 spin rate,Body > Euler321 spin rate,Body > Euler321 spin rate,Body > Euler321 spin rate,Body > Euler321 spin rate,,,,,All Conditions > Duration,,,,,,,,,,,Start Time CBFVVLH Geometry > Elevation Rate,Full Disk Moon > Stop Time,,,,,,,,,,,Attitude(Fixed) > Euler.132.B,Trajectory(Cartographic) > Detic.Terrain.LLA.Latitude,,Trajectory(CBI) > Cartesian.Z Rate,,,,,,,,,,,,,BoresightIntersection(Terrain) > z/Magnitude,BoresightIntersection(Terrain) > z,BoresightIntersection(Terrain) > z/Magnitude,BoresightIntersection(Terrain) > z/Magnitude,BoresightIntersection(Terrain) > z/Magnitude,,,,,,,,,Moonlight > z/Magnitude,Spin > 2-Axis Component,Moonlight > z/Magnitude,Moonlight > z/Magnitude,Moonlight > z/Magnitude,Moonlight > z/Magnitude,Moonlight > z/Magnitude
Sort By Base ClassName > Access Name,,,,,ICRF > Euler321 spin,,Body > Euler323 precession rate,Body > Euler323 precession rate,Body > Euler323 precession rate,Body > Euler323 precession rate,Body > Euler323 precession rate,Body > Euler323 precession rate,Body > Euler323 precession rate,,,,,All Conditions > Obstruction,,,,,,,,,,,Start Time CBFVVLH Geometry > Relative Velocity,Full Disk Moon > Middle Time,,,,,,,,,,,Attitude(Fixed) > Euler.132.B Rate,Trajectory(Cartographic) > Detic.Terrain.LLA.Latitude Rate,,Trajectory(CBI) > Cartesian.Radius,,,,,,,,,,,,,BoresightIntersection(Terrain) > RightAscension,BoresightIntersection(Terrain) > Magnitude,BoresightIntersection(Terrain) > RightAscension,BoresightIntersection(Terrain) > RightAscension,BoresightIntersection(Terrain) > RightAscension,,,,,,,,,Moonlight > RightAscension,Spin > Magnitude,Moonlight > RightAscension,Moonlight > RightAscension,Moonlight > RightAscension,Moonlight > RightAscension,Moonlight > RightAscension
Sort By Base ClassName > Base Name,,,,,ICRF > Euler323 precession,,Body > Euler323 nutation rate,Body > Euler323 nutation rate,Body > Euler323 nutation rate,Body > Euler323 nutation rate,Body > Euler323 nutation rate,Body > Euler323 nutation rate,Body > Euler323 nutation rate,,,,,All Conditions > Condition,,,,,,,,,,,Start Time CBFVVLH Geometry > Horizontal Relative Velocity,Full Disk Moon > Duration,,,,,,,,,,,Attitude(Fixed) > Euler.132.C,Trajectory(Cartographic) > Detic.Terrain.LLA.Longitude,,Trajectory(CBI) > Cartesian.Radius Rate,,,,,,,,,,,,,BoresightIntersection(Terrain) > Declination,BoresightIntersection(Terrain) > x/Magnitude,BoresightIntersection(Terrain) > Declination,BoresightIntersection(Terrain) > Declination,BoresightIntersection(Terrain) > Declination,,,,,,,,,Moonlight > Declination,Spin > Direction Angle,Moonlight > Declination,Moonlight > Declination,Moonlight > Declination,Moonlight > Declination,Moonlight > Declination
Sort By Base ClassName > Base ClassName,,,,,ICRF > Euler323 nutation,,Body > Euler323 spin rate,Body > Euler323 spin rate,Body > Euler323 spin rate,Body > Euler323 spin rate,Body > Euler323 spin rate,Body > Euler323 spin rate,Body > Euler323 spin rate,,,,,All Conditions > Start Pass Number,,,,,,,,,,,Stop Time CBFVVLH Geometry > Time,Horizon Sun > Start Time,,,,,,,,,,,Attitude(Fixed) > Euler.132.C Rate,Trajectory(Cartographic) > Detic.Terrain.LLA.Longitude Rate,,Trajectory(CBI) > Spherical.Azimuth,,,,,,,,,,,,,BoresightIntersection(Terrain) > Co-Declination,BoresightIntersection(Terrain) > y/Magnitude,BoresightIntersection(Terrain) > Co-Declination,BoresightIntersection(Terrain) > Co-Declination,BoresightIntersection(Terrain) > Co-Declination,,,,,,,,,Moonlight > Co-Declination,Spin > Derivative 1-Axis Component,Moonlight > Co-Declination,Moonlight > Co-Declination,Moonlight > Co-Declination,Moonlight > Co-Declination,Moonlight > Co-Declination
Sort By Base ClassName > Base Path,,,,,ICRF > Euler323 spin,,ICRF > Time,ICRF > Time,ICRF > Time,ICRF > Time,ICRF > Time,ICRF > Time,ICRF > Time,,,,,All Conditions > Stop Pass Number,,,,,,,,,,,Stop Time CBFVVLH Geometry > Azimuth,Horizon Sun > Stop Time,,,,,,,,,,,Attitude(Fixed) > Euler.212.A,Trajectory(Cartographic) > Detic.Terrain.LLA.Altitude(AboveTerrain),,Trajectory(CBI) > Spherical.Azimuth Rate,,,,,,,,,,,,,BoresightIntersection(Terrain) > NegativeDeclination,BoresightIntersection(Terrain) > z/Magnitude,BoresightIntersection(Terrain) > NegativeDeclination,BoresightIntersection(Terrain) > NegativeDeclination,BoresightIntersection(Terrain) > NegativeDeclination,,,,,,,,,Moonlight > NegativeDeclination,Spin > Derivative 2-Axis Component,Moonlight > NegativeDeclination,Moonlight > NegativeDeclination,Moonlight > NegativeDeclination,Moonlight > NegativeDeclination,Moonlight > NegativeDeclination
Sort By Base ClassName > Target Name,,,,,ICRF > q1,,ICRF > YPR321 yaw,ICRF > Yaw,ICRF > Yaw,ICRF > Yaw,ICRF > Yaw,ICRF > Yaw,ICRF > Yaw,,,,,All Conditions > Start Path Number,,,,,,,,,,,Stop Time CBFVVLH Geometry > Elevation,Horizon Sun > Middle Time,,,,,,,,,,,Attitude(Fixed) > Euler.212.A Rate,Trajectory(Cartographic) > Detic.Terrain.LLA.Altitude(AboveTerrain) Rate,,Trajectory(CBI) > Spherical.Elevation,,,,,,,,,,,,,BoresightIntersection(Terrain) > Detic Latitude,BoresightIntersection(Terrain) > RightAscension,BoresightIntersection(Terrain) > Detic Latitude,BoresightIntersection(Terrain) > Detic Latitude,BoresightIntersection(Terrain) > Detic Latitude,,,,,,,,,Moonlight > DirectionAngle x,Spin > Derivative Magnitude,Moonlight > DirectionAngle x,Moonlight > DirectionAngle x,Moonlight > DirectionAngle x,Moonlight > DirectionAngle x,Moonlight > DirectionAngle x
Sort By Base ClassName > Target ClassName,,,,,ICRF > q2,,ICRF > YPR321 pitch,ICRF > Pitch,ICRF > Pitch,ICRF > Pitch,ICRF > Pitch,ICRF > Pitch,ICRF > Pitch,,,,,All Conditions > Stop Path Number,,,,,,,,,,,Stop Time CBFVVLH Geometry > Range,Horizon Sun > Duration,,,,,,,,,,,Attitude(Fixed) > Euler.212.B,Trajectory(Cartographic) > Detic.Terrain.LLA.TerrainElevation,,Trajectory(CBI) > Spherical.Elevation Rate,,,,,,,,,,,,,BoresightIntersection(Terrain) > Detic Longitude,BoresightIntersection(Terrain) > Declination,BoresightIntersection(Terrain) > Detic Longitude,BoresightIntersection(Terrain) > Detic Longitude,BoresightIntersection(Terrain) > Detic Longitude,,,,,,,,,Moonlight > DirectionAngle y,Spin > Derivative Direction Angle,Moonlight > DirectionAngle y,Moonlight > DirectionAngle y,Moonlight > DirectionAngle y,Moonlight > DirectionAngle y,Moonlight > DirectionAngle y
Sort By Base ClassName > Target Path,,,,,ICRF > q3,,ICRF > YPR321 roll,ICRF > Roll,ICRF > Roll,ICRF > Roll,ICRF > Roll,ICRF > Roll,ICRF > Roll,,,,,,,,,,,,,,,,Stop Time CBFVVLH Geometry > Range Rate,Obstruction Sun > Start Time,,,,,,,,,,,Attitude(Fixed) > Euler.212.B Rate,Trajectory(Cartographic) > Detic.Terrain.LLA.TerrainElevation Rate,,Trajectory(CBI) > Spherical.CoElevation,,,,,,,,,,,,,BoresightIntersection(Terrain) > Detic Altitude,BoresightIntersection(Terrain) > Co-Declination,BoresightIntersection(Terrain) > Detic Altitude,BoresightIntersection(Terrain) > Detic Altitude,BoresightIntersection(Terrain) > Detic Altitude,,,,,,,,,Moonlight > DirectionAngle z,Sun > Time,Moonlight > DirectionAngle z,Moonlight > DirectionAngle z,Moonlight > DirectionAngle z,Moonlight > DirectionAngle z,Moonlight > DirectionAngle z
Sort By Base ClassName > Light Time Delay,,,,,ICRF > q4,,ICRF > Euler321 precession,ICRF > Euler321 precession,ICRF > Euler321 precession,ICRF > Euler321 precession,ICRF > Euler321 precession,ICRF > Euler321 precession,ICRF > Euler321 precession,,,,,,,,,,,,,,,,Stop Time CBFVVLH Geometry > Azimuth Rate,Obstruction Sun > Stop Time,,,,,,,,,,,Attitude(Fixed) > Euler.212.C,Trajectory(Cartographic) > Detic.Terrain.SubPoint.X,,Trajectory(CBI) > Spherical.CoElevation Rate,,,,,,,,,,,,,BoresightIntersection(Terrain) > DirectionAngle x,BoresightIntersection(Terrain) > NegativeDeclination,BoresightIntersection(Terrain) > DirectionAngle x,BoresightIntersection(Terrain) > DirectionAngle x,BoresightIntersection(Terrain) > DirectionAngle x,,,,,,,,,Moonlight > Derivative x,Sun > 1-Axis Component,Moonlight > Derivative x,Moonlight > Derivative x,Moonlight > Derivative x,Moonlight > Derivative x,Moonlight > Derivative x
Sort By Base ClassName > ClockHost,,,,,ICRF > wx,,ICRF > Euler321 nutation,ICRF > Euler321 nutation,ICRF > Euler321 nutation,ICRF > Euler321 nutation,ICRF > Euler321 nutation,ICRF > Euler321 nutation,ICRF > Euler321 nutation,,,,,,,,,,,,,,,,Stop Time CBFVVLH Geometry > Elevation Rate,Obstruction Sun > Middle Time,,,,,,,,,,,Attitude(Fixed) > Euler.212.C Rate,Trajectory(Cartographic) > Detic.Terrain.SubPoint.X Rate,,Trajectory(CBI) > Spherical.Radius,,,,,,,,,,,,,BoresightIntersection(Terrain) > DirectionAngle y,BoresightIntersection(Terrain) > Detic Latitude,BoresightIntersection(Terrain) > DirectionAngle y,BoresightIntersection(Terrain) > DirectionAngle y,BoresightIntersection(Terrain) > DirectionAngle y,,,,,,,,,Moonlight > Derivative y,Sun > 2-Axis Component,Moonlight > Derivative y,Moonlight > Derivative y,Moonlight > Derivative y,Moonlight > Derivative y,Moonlight > Derivative y
Sort By Base ClassName > Signal Sense,,,,,ICRF > wy,,ICRF > Euler321 spin,ICRF > Euler321 spin,ICRF > Euler321 spin,ICRF > Euler321 spin,ICRF > Euler321 spin,ICRF > Euler321 spin,ICRF > Euler321 spin,,,,,,,,,,,,,,,,Stop Time CBFVVLH Geometry > Relative Velocity,Obstruction Sun > Duration,,,,,,,,,,,Attitude(Fixed) > Euler.213.A,Trajectory(Cartographic) > Detic.Terrain.SubPoint.Y,,Trajectory(CBI) > Spherical.Radius Rate,,,,,,,,,,,,,BoresightIntersection(Terrain) > DirectionAngle z,BoresightIntersection(Terrain) > Detic Longitude,BoresightIntersection(Terrain) > DirectionAngle z,BoresightIntersection(Terrain) > DirectionAngle z,BoresightIntersection(Terrain) > DirectionAngle z,,,,,,,,,Moonlight > Derivative z,Sun > Magnitude,Moonlight > Derivative z,Moonlight > Derivative z,Moonlight > Derivative z,Moonlight > Derivative z,Moonlight > Derivative z
Sort By Base ClassName > Aberration Type,,,,,ICRF > wz,,ICRF > Euler323 precession,ICRF > Euler323 precession,ICRF > Euler323 precession,ICRF > Euler323 precession,ICRF > Euler323 precession,ICRF > Euler323 precession,ICRF > Euler323 precession,,,,,,,,,,,,,,,,Stop Time CBFVVLH Geometry > Horizontal Relative Velocity,Total Obstruction Sun > Start Time,,,,,,,,,,,Attitude(Fixed) > Euler.213.A Rate,Trajectory(Cartographic) > Detic.Terrain.SubPoint.Y Rate,,Trajectory(CBI) > Cylindrical.Azimuth,,,,,,,,,,,,,BoresightIntersection(Terrain) > Velocity x,BoresightIntersection(Terrain) > Detic Altitude,BoresightIntersection(Terrain) > Velocity x,BoresightIntersection(Terrain) > Velocity x,BoresightIntersection(Terrain) > Velocity x,,,,,,,,,Moonlight > Derivative Magnitude,Sun > Direction Angle,Moonlight > Derivative Magnitude,Moonlight > Derivative Magnitude,Moonlight > Derivative Magnitude,Moonlight > Derivative Magnitude,Moonlight > Derivative Magnitude
Sort By Base ClassName > Save Computed Data,,,,,ICRF > w mag,,ICRF > Euler323 nutation,ICRF > Euler323 nutation,ICRF > Euler323 nutation,ICRF > Euler323 nutation,ICRF > Euler323 nutation,ICRF > Euler323 nutation,ICRF > Euler323 nutation,,,,,,,,,,,,,,,,Start Time CBIVVLH Geometry > Time,Total Obstruction Sun > Stop Time,,,,,,,,,,,Attitude(Fixed) > Euler.213.B,Trajectory(Cartographic) > Detic.Terrain.SubPoint.Z,,Trajectory(CBI) > Cylindrical.Azimuth Rate,,,,,,,,,,,,,BoresightIntersection(Terrain) > Velocity y,BoresightIntersection(Terrain) > DirectionAngle x,BoresightIntersection(Terrain) > Velocity y,BoresightIntersection(Terrain) > Velocity y,BoresightIntersection(Terrain) > Velocity y,,,,,,,,,Moonlight > MagnitudeRate,Sun > Derivative 1-Axis Component,Moonlight > MagnitudeRate,Moonlight > MagnitudeRate,Moonlight > MagnitudeRate,Moonlight > MagnitudeRate,Moonlight > MagnitudeRate
Sort By Base ClassName > Time Convergence,,,,,ICRF > RightAscension of w,,ICRF > Euler323 spin,ICRF > Euler323 spin,ICRF > Euler323 spin,ICRF > Euler323 spin,ICRF > Euler323 spin,ICRF > Euler323 spin,ICRF > Euler323 spin,,,,,,,,,,,,,,,,Start Time CBIVVLH Geometry > Azimuth,Total Obstruction Sun > Middle Time,,,,,,,,,,,Attitude(Fixed) > Euler.213.B Rate,Trajectory(Cartographic) > Detic.Terrain.SubPoint.Z Rate,,Trajectory(CBI) > Cylindrical.Height,,,,,,,,,,,,,BoresightIntersection(Terrain) > Velocity z,BoresightIntersection(Terrain) > DirectionAngle y,BoresightIntersection(Terrain) > Velocity z,BoresightIntersection(Terrain) > Velocity z,BoresightIntersection(Terrain) > Velocity z,,,,,,,,,Moonlight > TransverseRate,Sun > Derivative 2-Axis Component,Moonlight > TransverseRate,Moonlight > TransverseRate,Moonlight > TransverseRate,Moonlight > TransverseRate,Moonlight > TransverseRate
Sort By Base ClassName > Min Step,,,,,ICRF > Declination of w,,ICRF > q1,ICRF > q1,ICRF > q1,ICRF > q1,ICRF > q1,ICRF > q1,ICRF > q1,,,,,,,,,,,,,,,,Start Time CBIVVLH Geometry > Elevation,Total Obstruction Sun > Duration,,,,,,,,,,,Attitude(Fixed) > Euler.213.C,Trajectory(Cartographic) > Detic.Terrain.SubPoint.Radius,,Trajectory(CBI) > Cylindrical.Height Rate,,,,,,,,,,,,,BoresightIntersection(Terrain) > Velocity Magnitude,BoresightIntersection(Terrain) > DirectionAngle z,BoresightIntersection(Terrain) > Velocity Magnitude,BoresightIntersection(Terrain) > Velocity Magnitude,BoresightIntersection(Terrain) > Velocity Magnitude,,,,,,,,,Moonlight > AngularRate,Sun > Derivative Magnitude,Moonlight > AngularRate,Moonlight > AngularRate,Moonlight > AngularRate,Moonlight > AngularRate,Moonlight > AngularRate
Sort By Base ClassName > Max Step,,,,,ICRF > Eigen-Angle,,ICRF > q2,ICRF > q2,ICRF > q2,ICRF > q2,ICRF > q2,ICRF > q2,ICRF > q2,,,,,,,,,,,,,,,,Start Time CBIVVLH Geometry > Range,Full Disk Sun > Start Time,,,,,,,,,,,Attitude(Fixed) > Euler.213.C Rate,Trajectory(Cartographic) > Detic.Terrain.SubPoint.Radius Rate,,Trajectory(CBI) > Cylindrical.Radius,,,,,,,,,,,,,Center > Time,BoresightIntersection(Terrain) > Velocity x,Center > Time,Center > Time,Center > Time,,,,,,,,,MySatellite > Time,Sun > Derivative Direction Angle,MySatellite > Time,MySatellite > Time,MySatellite > Time,MySatellite > Time,MySatellite > Time
Sort By Target Name > Access Name,,,,,ICRF > Eigen-Axis x,,ICRF > q3,ICRF > q3,ICRF > q3,ICRF > q3,ICRF > q3,ICRF > q3,ICRF > q3,,,,,,,,,,,,,,,,Start Time CBIVVLH Geometry > Range Rate,Full Disk Sun > Stop Time,,,,,,,,,,,Attitude(Fixed) > Euler.231.A,Trajectory(Cartographic) > Detic.MSL.LLA.Latitude,,Trajectory(CBI) > Cylindrical.Radius Rate,,,,,,,,,,,,,Center > x,BoresightIntersection(Terrain) > Velocity y,Center > x,Center > x,Center > x,,,,,,,,,MySatellite > x,Sunlight > Time,MySatellite > x,MySatellite > x,MySatellite > x,MySatellite > x,MySatellite > x
Sort By Target Name > Base Name,,,,,ICRF > Eigen-Axis y,,ICRF > q4,ICRF > q4,ICRF > q4,ICRF > q4,ICRF > q4,ICRF > q4,ICRF > q4,,,,,,,,,,,,,,,,Start Time CBIVVLH Geometry > Azimuth Rate,Full Disk Sun > Middle Time,,,,,,,,,,,Attitude(Fixed) > Euler.231.A Rate,Trajectory(Cartographic) > Detic.MSL.LLA.Latitude Rate,,,,,,,,,,,,,,,Center > y,BoresightIntersection(Terrain) > Velocity z,Center > y,Center > y,Center > y,,,,,,,,,MySatellite > y,Sunlight > 1-Axis Component,MySatellite > y,MySatellite > y,MySatellite > y,MySatellite > y,MySatellite > y
Sort By Target Name > Base ClassName,,,,,ICRF > Eigen-Axis z,,ICRF > wx,ICRF > wx,ICRF > wx,ICRF > wx,ICRF > wx,ICRF > wx,ICRF > wx,,,,,,,,,,,,,,,,Start Time CBIVVLH Geometry > Elevation Rate,Full Disk Sun > Duration,,,,,,,,,,,Attitude(Fixed) > Euler.231.B,Trajectory(Cartographic) > Detic.MSL.LLA.Longitude,,,,,,,,,,,,,,,Center > z,BoresightIntersection(Terrain) > Velocity Magnitude,Center > z,Center > z,Center > z,,,,,,,,,MySatellite > z,Sunlight > 2-Axis Component,MySatellite > z,MySatellite > z,MySatellite > z,MySatellite > z,MySatellite > z
Sort By Target Name > Base Path,,,,,J2000 > Time,,ICRF > wy,ICRF > wy,ICRF > wy,ICRF > wy,ICRF > wy,ICRF > wy,ICRF > wy,,,,,,,,,,,,,,,,Start Time CBIVVLH Geometry > Relative Velocity,,,,,,,,,,,,Attitude(Fixed) > Euler.231.B Rate,Trajectory(Cartographic) > Detic.MSL.LLA.Longitude Rate,,,,,,,,,,,,,,,Center > Magnitude,BoresightIntersection(Terrain) > UTM Zone,Center > Magnitude,Center > Magnitude,Center > Magnitude,,,,,,,,,MySatellite > Magnitude,Sunlight > Magnitude,MySatellite > Magnitude,MySatellite > Magnitude,MySatellite > Magnitude,MySatellite > Magnitude,MySatellite > Magnitude
Sort By Target Name > Target Name,,,,,J2000 > YPR321 yaw,,ICRF > wz,ICRF > wz,ICRF > wz,ICRF > wz,ICRF > wz,ICRF > wz,ICRF > wz,,,,,,,,,,,,,,,,Start Time CBIVVLH Geometry > Horizontal Relative Velocity,,,,,,,,,,,,Attitude(Fixed) > Euler.231.C,Trajectory(Cartographic) > Detic.MSL.LLA.Altitude(AboveMSL),,,,,,,,,,,,,,,Center > x/Magnitude,BoresightIntersection(Terrain) > UTM Easting,Center > x/Magnitude,Center > x/Magnitude,Center > x/Magnitude,,,,,,,,,MySatellite > x/Magnitude,Sunlight > Direction Angle,MySatellite > x/Magnitude,MySatellite > x/Magnitude,MySatellite > x/Magnitude,MySatellite > x/Magnitude,MySatellite > x/Magnitude
Sort By Target Name > Target ClassName,,,,,J2000 > YPR321 pitch,,ICRF > w mag,ICRF > w mag,ICRF > w mag,ICRF > w mag,ICRF > w mag,ICRF > w mag,ICRF > w mag,,,,,,,,,,,,,,,,Stop Time CBIVVLH Geometry > Time,,,,,,,,,,,,Attitude(Fixed) > Euler.231.C Rate,Trajectory(Cartographic) > Detic.MSL.LLA.Altitude(AboveMSL) Rate,,,,,,,,,,,,,,,Center > y/Magnitude,BoresightIntersection(Terrain) > UTM Northing,Center > y/Magnitude,Center > y/Magnitude,Center > y/Magnitude,,,,,,,,,MySatellite > y/Magnitude,Sunlight > Derivative 1-Axis Component,MySatellite > y/Magnitude,MySatellite > y/Magnitude,MySatellite > y/Magnitude,MySatellite > y/Magnitude,MySatellite > y/Magnitude
Sort By Target Name > Target Path,,,,,J2000 > YPR321 roll,,ICRF > RightAscension of w,ICRF > RightAscension of w,ICRF > RightAscension of w,ICRF > RightAscension of w,ICRF > RightAscension of w,ICRF > RightAscension of w,ICRF > RightAscension of w,,,,,,,,,,,,,,,,Stop Time CBIVVLH Geometry > Azimuth,,,,,,,,,,,,Attitude(Fixed) > Euler.232.A,Trajectory(Cartographic) > Detic.MSL.LLA.MSLElevation,,,,,,,,,,,,,,,Center > z/Magnitude,BoresightIntersection(Terrain) > MGRS Cell,Center > z/Magnitude,Center > z/Magnitude,Center > z/Magnitude,,,,,,,,,MySatellite > z/Magnitude,Sunlight > Derivative 2-Axis Component,MySatellite > z/Magnitude,MySatellite > z/Magnitude,MySatellite > z/Magnitude,MySatellite > z/Magnitude,MySatellite > z/Magnitude
Sort By Target Name > Light Time Delay,,,,,J2000 > Euler321 precession,,ICRF > Declination of w,ICRF > Declination of w,ICRF > Declination of w,ICRF > Declination of w,ICRF > Declination of w,ICRF > Declination of w,ICRF > Declination of w,,,,,,,,,,,,,,,,Stop Time CBIVVLH Geometry > Elevation,,,,,,,,,,,,Attitude(Fixed) > Euler.232.A Rate,Trajectory(Cartographic) > Detic.MSL.LLA.MSLElevation Rate,,,,,,,,,,,,,,,Center > RightAscension,Center > Time,Center > RightAscension,Center > RightAscension,Center > RightAscension,,,,,,,,,MySatellite > RightAscension,Sunlight > Derivative Magnitude,MySatellite > RightAscension,MySatellite > RightAscension,MySatellite > RightAscension,MySatellite > RightAscension,MySatellite > RightAscension
Sort By Target Name > ClockHost,,,,,J2000 > Euler321 nutation,,ICRF > Eigen-Angle,ICRF > Eigen-Angle,ICRF > Eigen-Angle,ICRF > Eigen-Angle,ICRF > Eigen-Angle,ICRF > Eigen-Angle,ICRF > Eigen-Angle,,,,,,,,,,,,,,,,Stop Time CBIVVLH Geometry > Range,,,,,,,,,,,,Attitude(Fixed) > Euler.232.B,Trajectory(Cartographic) > Detic.MSL.SubPoint.X,,,,,,,,,,,,,,,Center > Declination,Center > x,Center > Declination,Center > Declination,Center > Declination,,,,,,,,,MySatellite > Declination,Sunlight > Derivative Direction Angle,MySatellite > Declination,MySatellite > Declination,MySatellite > Declination,MySatellite > Declination,MySatellite > Declination
Sort By Target Name > Signal Sense,,,,,J2000 > Euler321 spin,,ICRF > Eigen-Axis x,ICRF > Eigen-Axis x,ICRF > Eigen-Axis x,ICRF > Eigen-Axis x,ICRF > Eigen-Axis x,ICRF > Eigen-Axis x,ICRF > Eigen-Axis x,,,,,,,,,,,,,,,,Stop Time CBIVVLH Geometry > Range Rate,,,,,,,,,,,,Attitude(Fixed) > Euler.232.B Rate,Trajectory(Cartographic) > Detic.MSL.SubPoint.X Rate,,,,,,,,,,,,,,,Center > Co-Declination,Center > y,Center > Co-Declination,Center > Co-Declination,Center > Co-Declination,,,,,,,,,MySatellite > Co-Declination,Up > Time,MySatellite > Co-Declination,MySatellite > Co-Declination,MySatellite > Co-Declination,MySatellite > Co-Declination,MySatellite > Co-Declination
Sort By Target Name > Aberration Type,,,,,J2000 > Euler323 precession,,ICRF > Eigen-Axis y,ICRF > Eigen-Axis y,ICRF > Eigen-Axis y,ICRF > Eigen-Axis y,ICRF > Eigen-Axis y,ICRF > Eigen-Axis y,ICRF > Eigen-Axis y,,,,,,,,,,,,,,,,Stop Time CBIVVLH Geometry > Azimuth Rate,,,,,,,,,,,,Attitude(Fixed) > Euler.232.C,Trajectory(Cartographic) > Detic.MSL.SubPoint.Y,,,,,,,,,,,,,,,Center > NegativeDeclination,Center > z,Center > NegativeDeclination,Center > NegativeDeclination,Center > NegativeDeclination,,,,,,,,,MySatellite > NegativeDeclination,Up > 1-Axis Component,MySatellite > NegativeDeclination,MySatellite > NegativeDeclination,MySatellite > NegativeDeclination,MySatellite > NegativeDeclination,MySatellite > NegativeDeclination
Sort By Target Name > Save Computed Data,,,,,J2000 > Euler323 nutation,,ICRF > Eigen-Axis z,ICRF > Eigen-Axis z,ICRF > Eigen-Axis z,ICRF > Eigen-Axis z,ICRF > Eigen-Axis z,ICRF > Eigen-Axis z,ICRF > Eigen-Axis z,,,,,,,,,,,,,,,,Stop Time CBIVVLH Geometry > Elevation Rate,,,,,,,,,,,,Attitude(Fixed) > Euler.232.C Rate,Trajectory(Cartographic) > Detic.MSL.SubPoint.Y Rate,,,,,,,,,,,,,,,Center > Detic Latitude,Center > Magnitude,Center > Detic Latitude,Center > Detic Latitude,Center > Detic Latitude,,,,,,,,,MySatellite > DirectionAngle x,Up > 2-Axis Component,MySatellite > DirectionAngle x,MySatellite > DirectionAngle x,MySatellite > DirectionAngle x,MySatellite > DirectionAngle x,MySatellite > DirectionAngle x
Sort By Target Name > Time Convergence,,,,,J2000 > Euler323 spin,,ICRF > YPR321 yaw rate,ICRF > Yaw Rate,ICRF > Yaw Rate,ICRF > Yaw Rate,ICRF > Yaw Rate,ICRF > Yaw Rate,ICRF > Yaw Rate,,,,,,,,,,,,,,,,Stop Time CBIVVLH Geometry > Relative Velocity,,,,,,,,,,,,Attitude(Fixed) > Euler.312.A,Trajectory(Cartographic) > Detic.MSL.SubPoint.Z,,,,,,,,,,,,,,,Center > Detic Longitude,Center > x/Magnitude,Center > Detic Longitude,Center > Detic Longitude,Center > Detic Longitude,,,,,,,,,MySatellite > DirectionAngle y,Up > Magnitude,MySatellite > DirectionAngle y,MySatellite > DirectionAngle y,MySatellite > DirectionAngle y,MySatellite > DirectionAngle y,MySatellite > DirectionAngle y
Sort By Target Name > Min Step,,,,,J2000 > q1,,ICRF > YPR321 pitch rate,ICRF > Pitch Rate,ICRF > Pitch Rate,ICRF > Pitch Rate,ICRF > Pitch Rate,ICRF > Pitch Rate,ICRF > Pitch Rate,,,,,,,,,,,,,,,,Stop Time CBIVVLH Geometry > Horizontal Relative Velocity,,,,,,,,,,,,Attitude(Fixed) > Euler.312.A Rate,Trajectory(Cartographic) > Detic.MSL.SubPoint.Z Rate,,,,,,,,,,,,,,,Center > Detic Altitude,Center > y/Magnitude,Center > Detic Altitude,Center > Detic Altitude,Center > Detic Altitude,,,,,,,,,MySatellite > DirectionAngle z,Up > Direction Angle,MySatellite > DirectionAngle z,MySatellite > DirectionAngle z,MySatellite > DirectionAngle z,MySatellite > DirectionAngle z,MySatellite > DirectionAngle z
Sort By Target Name > Max Step,,,,,J2000 > q2,,ICRF > YPR321 roll rate,ICRF > Roll Rate,ICRF > Roll Rate,ICRF > Roll Rate,ICRF > Roll Rate,ICRF > Roll Rate,ICRF > Roll Rate,,,,,,,,,,,,,,,,Start Time BodyFixed Geometry > Time,,,,,,,,,,,,Attitude(Fixed) > Euler.312.B,Trajectory(Cartographic) > Detic.MSL.SubPoint.Radius,,,,,,,,,,,,,,,Center > DirectionAngle x,Center > z/Magnitude,Center > DirectionAngle x,Center > DirectionAngle x,Center > DirectionAngle x,,,,,,,,,MySatellite > Derivative x,Up > Derivative 1-Axis Component,MySatellite > Derivative x,MySatellite > Derivative x,MySatellite > Derivative x,MySatellite > Derivative x,MySatellite > Derivative x
Sort By Target ClassName > Access Name,,,,,J2000 > q3,,ICRF > Euler321 precession rate,ICRF > Euler321 precession rate,ICRF > Euler321 precession rate,ICRF > Euler321 precession rate,ICRF > Euler321 precession rate,ICRF > Euler321 precession rate,ICRF > Euler321 precession rate,,,,,,,,,,,,,,,,Start Time BodyFixed Geometry > Azimuth,,,,,,,,,,,,Attitude(Fixed) > Euler.312.B Rate,Trajectory(Cartographic) > Detic.MSL.SubPoint.Radius Rate,,,,,,,,,,,,,,,Center > DirectionAngle y,Center > RightAscension,Center > DirectionAngle y,Center > DirectionAngle y,Center > DirectionAngle y,,,,,,,,,MySatellite > Derivative y,Up > Derivative 2-Axis Component,MySatellite > Derivative y,MySatellite > Derivative y,MySatellite > Derivative y,MySatellite > Derivative y,MySatellite > Derivative y
Sort By Target ClassName > Base Name,,,,,J2000 > q4,,ICRF > Euler321 nutation rate,ICRF > Euler321 nutation rate,ICRF > Euler321 nutation rate,ICRF > Euler321 nutation rate,ICRF > Euler321 nutation rate,ICRF > Euler321 nutation rate,ICRF > Euler321 nutation rate,,,,,,,,,,,,,,,,Start Time BodyFixed Geometry > Elevation,,,,,,,,,,,,Attitude(Fixed) > Euler.312.C,Trajectory(Cartographic) > Centric.LLR.Latitude,,,,,,,,,,,,,,,Center > DirectionAngle z,Center > Declination,Center > DirectionAngle z,Center > DirectionAngle z,Center > DirectionAngle z,,,,,,,,,MySatellite > Derivative z,Up > Derivative Magnitude,MySatellite > Derivative z,MySatellite > Derivative z,MySatellite > Derivative z,MySatellite > Derivative z,MySatellite > Derivative z
Sort By Target ClassName > Base ClassName,,,,,J2000 > wx,,ICRF > Euler321 spin rate,ICRF > Euler321 spin rate,ICRF > Euler321 spin rate,ICRF > Euler321 spin rate,ICRF > Euler321 spin rate,ICRF > Euler321 spin rate,ICRF > Euler321 spin rate,,,,,,,,,,,,,,,,Start Time BodyFixed Geometry > Range,,,,,,,,,,,,Attitude(Fixed) > Euler.312.C Rate,Trajectory(Cartographic) > Centric.LLR.Latitude Rate,,,,,,,,,,,,,,,Center > Velocity x,Center > Co-Declination,Center > Velocity x,Center > Velocity x,Center > Velocity x,,,,,,,,,MySatellite > Derivative Magnitude,Up > Derivative Direction Angle,MySatellite > Derivative Magnitude,MySatellite > Derivative Magnitude,MySatellite > Derivative Magnitude,MySatellite > Derivative Magnitude,MySatellite > Derivative Magnitude
Sort By Target ClassName > Base Path,,,,,J2000 > wy,,ICRF > Euler323 precession rate,ICRF > Euler323 precession rate,ICRF > Euler323 precession rate,ICRF > Euler323 precession rate,ICRF > Euler323 precession rate,ICRF > Euler323 precession rate,ICRF > Euler323 precession rate,,,,,,,,,,,,,,,,Start Time BodyFixed Geometry > Range Rate,,,,,,,,,,,,Attitude(Fixed) > Euler.313.A,Trajectory(Cartographic) > Centric.LLR.Longitude,,,,,,,,,,,,,,,Center > Velocity y,Center > NegativeDeclination,Center > Velocity y,Center > Velocity y,Center > Velocity y,,,,,,,,,MySatellite > MagnitudeRate,,MySatellite > MagnitudeRate,MySatellite > MagnitudeRate,MySatellite > MagnitudeRate,MySatellite > MagnitudeRate,MySatellite > MagnitudeRate
Sort By Target ClassName > Target Name,,,,,J2000 > wz,,ICRF > Euler323 nutation rate,ICRF > Euler323 nutation rate,ICRF > Euler323 nutation rate,ICRF > Euler323 nutation rate,ICRF > Euler323 nutation rate,ICRF > Euler323 nutation rate,ICRF > Euler323 nutation rate,,,,,,,,,,,,,,,,Start Time BodyFixed Geometry > Azimuth Rate,,,,,,,,,,,,Attitude(Fixed) > Euler.313.A Rate,Trajectory(Cartographic) > Centric.LLR.Longitude Rate,,,,,,,,,,,,,,,Center > Velocity z,Center > Detic Latitude,Center > Velocity z,Center > Velocity z,Center > Velocity z,,,,,,,,,MySatellite > TransverseRate,,MySatellite > TransverseRate,MySatellite > TransverseRate,MySatellite > TransverseRate,MySatellite > TransverseRate,MySatellite > TransverseRate
Sort By Target ClassName > Target ClassName,,,,,J2000 > w mag,,ICRF > Euler323 spin rate,ICRF > Euler323 spin rate,ICRF > Euler323 spin rate,ICRF > Euler323 spin rate,ICRF > Euler323 spin rate,ICRF > Euler323 spin rate,ICRF > Euler323 spin rate,,,,,,,,,,,,,,,,Start Time BodyFixed Geometry > Elevation Rate,,,,,,,,,,,,Attitude(Fixed) > Euler.313.B,Trajectory(Cartographic) > Centric.LLR.Radius,,,,,,,,,,,,,,,Center > Velocity Magnitude,Center > Detic Longitude,Center > Velocity Magnitude,Center > Velocity Magnitude,Center > Velocity Magnitude,,,,,,,,,MySatellite > AngularRate,,MySatellite > AngularRate,MySatellite > AngularRate,MySatellite > AngularRate,MySatellite > AngularRate,MySatellite > AngularRate
Sort By Target ClassName > Target Path,,,,,J2000 > RightAscension of w,,J2000 > Time,J2000 > Time,J2000 > Time,J2000 > Time,J2000 > Time,J2000 > Time,J2000 > Time,,,,,,,,,,,,,,,,Start Time BodyFixed Geometry > Relative Velocity,,,,,,,,,,,,Attitude(Fixed) > Euler.313.B Rate,Trajectory(Cartographic) > Centric.LLR.Radius Rate,,,,,,,,,,,,,,,,Center > Detic Altitude,,,,,,,,,,,,Spin > Time,,Spin > Time,Spin > Time,Spin > Time,Spin > Time,Spin > Time
Sort By Target ClassName > Light Time Delay,,,,,J2000 > Declination of w,,J2000 > YPR321 yaw,J2000 > Yaw,J2000 > Yaw,J2000 > Yaw,J2000 > Yaw,J2000 > Yaw,J2000 > Yaw,,,,,,,,,,,,,,,,Start Time BodyFixed Geometry > Horizontal Relative Velocity,,,,,,,,,,,,Attitude(Fixed) > Euler.313.C,Trajectory(Cartographic) > Centric.SubPoint.X,,,,,,,,,,,,,,,,Center > DirectionAngle x,,,,,,,,,,,,Spin > x,,Spin > x,Spin > x,Spin > x,Spin > x,Spin > x
Sort By Target ClassName > ClockHost,,,,,J2000 > Eigen-Angle,,J2000 > YPR321 pitch,J2000 > Pitch,J2000 > Pitch,J2000 > Pitch,J2000 > Pitch,J2000 > Pitch,J2000 > Pitch,,,,,,,,,,,,,,,,Stop Time BodyFixed Geometry > Time,,,,,,,,,,,,Attitude(Fixed) > Euler.313.C Rate,Trajectory(Cartographic) > Centric.SubPoint.X Rate,,,,,,,,,,,,,,,,Center > DirectionAngle y,,,,,,,,,,,,Spin > y,,Spin > y,Spin > y,Spin > y,Spin > y,Spin > y
Sort By Target ClassName > Signal Sense,,,,,J2000 > Eigen-Axis x,,J2000 > YPR321 roll,J2000 > Roll,J2000 > Roll,J2000 > Roll,J2000 > Roll,J2000 > Roll,J2000 > Roll,,,,,,,,,,,,,,,,Stop Time BodyFixed Geometry > Azimuth,,,,,,,,,,,,Attitude(Fixed) > Euler.321.A,Trajectory(Cartographic) > Centric.SubPoint.Y,,,,,,,,,,,,,,,,Center > DirectionAngle z,,,,,,,,,,,,Spin > z,,Spin > z,Spin > z,Spin > z,Spin > z,Spin > z
Sort By Target ClassName > Aberration Type,,,,,J2000 > Eigen-Axis y,,J2000 > Euler321 precession,J2000 > Euler321 precession,J2000 > Euler321 precession,J2000 > Euler321 precession,J2000 > Euler321 precession,J2000 > Euler321 precession,J2000 > Euler321 precession,,,,,,,,,,,,,,,,Stop Time BodyFixed Geometry > Elevation,,,,,,,,,,,,Attitude(Fixed) > Euler.321.A Rate,Trajectory(Cartographic) > Centric.SubPoint.Y Rate,,,,,,,,,,,,,,,,Center > Velocity x,,,,,,,,,,,,Spin > Magnitude,,Spin > Magnitude,Spin > Magnitude,Spin > Magnitude,Spin > Magnitude,Spin > Magnitude
Sort By Target ClassName > Save Computed Data,,,,,J2000 > Eigen-Axis z,,J2000 > Euler321 nutation,J2000 > Euler321 nutation,J2000 > Euler321 nutation,J2000 > Euler321 nutation,J2000 > Euler321 nutation,J2000 > Euler321 nutation,J2000 > Euler321 nutation,,,,,,,,,,,,,,,,Stop Time BodyFixed Geometry > Range,,,,,,,,,,,,Attitude(Fixed) > Euler.321.B,Trajectory(Cartographic) > Centric.SubPoint.Z,,,,,,,,,,,,,,,,Center > Velocity y,,,,,,,,,,,,Spin > x/Magnitude,,Spin > x/Magnitude,Spin > x/Magnitude,Spin > x/Magnitude,Spin > x/Magnitude,Spin > x/Magnitude
Sort By Target ClassName > Time Convergence,,,,,,,J2000 > Euler321 spin,J2000 > Euler321 spin,J2000 > Euler321 spin,J2000 > Euler321 spin,J2000 > Euler321 spin,J2000 > Euler321 spin,J2000 > Euler321 spin,,,,,,,,,,,,,,,,Stop Time BodyFixed Geometry > Range Rate,,,,,,,,,,,,Attitude(Fixed) > Euler.321.B Rate,Trajectory(Cartographic) > Centric.SubPoint.Z Rate,,,,,,,,,,,,,,,,Center > Velocity z,,,,,,,,,,,,Spin > y/Magnitude,,Spin > y/Magnitude,Spin > y/Magnitude,Spin > y/Magnitude,Spin > y/Magnitude,Spin > y/Magnitude
Sort By Target ClassName > Min Step,,,,,,,J2000 > Euler323 precession,J2000 > Euler323 precession,J2000 > Euler323 precession,J2000 > Euler323 precession,J2000 > Euler323 precession,J2000 > Euler323 precession,J2000 > Euler323 precession,,,,,,,,,,,,,,,,Stop Time BodyFixed Geometry > Azimuth Rate,,,,,,,,,,,,Attitude(Fixed) > Euler.321.C,Trajectory(Cartographic) > Centric.SubPoint.Radius,,,,,,,,,,,,,,,,Center > Velocity Magnitude,,,,,,,,,,,,Spin > z/Magnitude,,Spin > z/Magnitude,Spin > z/Magnitude,Spin > z/Magnitude,Spin > z/Magnitude,Spin > z/Magnitude
Sort By Target ClassName > Max Step,,,,,,,J2000 > Euler323 nutation,J2000 > Euler323 nutation,J2000 > Euler323 nutation,J2000 > Euler323 nutation,J2000 > Euler323 nutation,J2000 > Euler323 nutation,J2000 > Euler323 nutation,,,,,,,,,,,,,,,,Stop Time BodyFixed Geometry > Elevation Rate,,,,,,,,,,,,Attitude(Fixed) > Euler.321.C Rate,Trajectory(Cartographic) > Centric.SubPoint.Radius Rate,,,,,,,,,,,,,,,,Center > UTM Zone,,,,,,,,,,,,Spin > RightAscension,,Spin > RightAscension,Spin > RightAscension,Spin > RightAscension,Spin > RightAscension,Spin > RightAscension
,,,,,,,J2000 > Euler323 spin,J2000 > Euler323 spin,J2000 > Euler323 spin,J2000 > Euler323 spin,J2000 > Euler323 spin,J2000 > Euler323 spin,J2000 > Euler323 spin,,,,,,,,,,,,,,,,Stop Time BodyFixed Geometry > Relative Velocity,,,,,,,,,,,,Attitude(Fixed) > Euler.323.A,,,,,,,,,,,,,,,,,Center > UTM Easting,,,,,,,,,,,,Spin > Declination,,Spin > Declination,Spin > Declination,Spin > Declination,Spin > Declination,Spin > Declination
,,,,,,,J2000 > q1,J2000 > q1,J2000 > q1,J2000 > q1,J2000 > q1,J2000 > q1,J2000 > q1,,,,,,,,,,,,,,,,Stop Time BodyFixed Geometry > Horizontal Relative Velocity,,,,,,,,,,,,Attitude(Fixed) > Euler.323.A Rate,,,,,,,,,,,,,,,,,Center > UTM Northing,,,,,,,,,,,,Spin > Co-Declination,,Spin > Co-Declination,Spin > Co-Declination,Spin > Co-Declination,Spin > Co-Declination,Spin > Co-Declination
,,,,,,,J2000 > q2,J2000 > q2,J2000 > q2,J2000 > q2,J2000 > q2,J2000 > q2,J2000 > q2,,,,,,,,,,,,,,,,Start Time Source CBF Location > Time,,,,,,,,,,,,Attitude(Fixed) > Euler.323.B,,,,,,,,,,,,,,,,,Center > MGRS Cell,,,,,,,,,,,,Spin > NegativeDeclination,,Spin > NegativeDeclination,Spin > NegativeDeclination,Spin > NegativeDeclination,Spin > NegativeDeclination,Spin > NegativeDeclination
,,,,,,,J2000 > q3,J2000 > q3,J2000 > q3,J2000 > q3,J2000 > q3,J2000 > q3,J2000 > q3,,,,,,,,,,,,,,,,Start Time Source CBF Location > Latitude,,,,,,,,,,,,Attitude(Fixed) > Euler.323.B Rate,,,,,,,,,,,,,,,,,,,,,,,,,,,,,Spin > DirectionAngle x,,Spin > DirectionAngle x,Spin > DirectionAngle x,Spin > DirectionAngle x,Spin > DirectionAngle x,Spin > DirectionAngle x
,,,,,,,J2000 > q4,J2000 > q4,J2000 > q4,J2000 > q4,J2000 > q4,J2000 > q4,J2000 > q4,,,,,,,,,,,,,,,,Start Time Source CBF Location > Longitude,,,,,,,,,,,,Attitude(Fixed) > Euler.323.C,,,,,,,,,,,,,,,,,,,,,,,,,,,,,Spin > DirectionAngle y,,Spin > DirectionAngle y,Spin > DirectionAngle y,Spin > DirectionAngle y,Spin > DirectionAngle y,Spin > DirectionAngle y
,,,,,,,J2000 > wx,J2000 > wx,J2000 > wx,J2000 > wx,J2000 > wx,J2000 > wx,J2000 > wx,,,,,,,,,,,,,,,,Start Time Source CBF Location > Altitude,,,,,,,,,,,,Attitude(Fixed) > Euler.323.C Rate,,,,,,,,,,,,,,,,,,,,,,,,,,,,,Spin > DirectionAngle z,,Spin > DirectionAngle z,Spin > DirectionAngle z,Spin > DirectionAngle z,Spin > DirectionAngle z,Spin > DirectionAngle z
,,,,,,,J2000 > wy,J2000 > wy,J2000 > wy,J2000 > wy,J2000 > wy,J2000 > wy,J2000 > wy,,,,,,,,,,,,,,,,Start Time Source CBF Location > Position X,,,,,,,,,,,,Attitude(Fixed) > DCM.XX,,,,,,,,,,,,,,,,,,,,,,,,,,,,,Spin > Derivative x,,Spin > Derivative x,Spin > Derivative x,Spin > Derivative x,Spin > Derivative x,Spin > Derivative x
,,,,,,,J2000 > wz,J2000 > wz,J2000 > wz,J2000 > wz,J2000 > wz,J2000 > wz,J2000 > wz,,,,,,,,,,,,,,,,Start Time Source CBF Location > Position Y,,,,,,,,,,,,Attitude(Fixed) > DCM.XX Rate,,,,,,,,,,,,,,,,,,,,,,,,,,,,,Spin > Derivative y,,Spin > Derivative y,Spin > Derivative y,Spin > Derivative y,Spin > Derivative y,Spin > Derivative y
,,,,,,,J2000 > w mag,J2000 > w mag,J2000 > w mag,J2000 > w mag,J2000 > w mag,J2000 > w mag,J2000 > w mag,,,,,,,,,,,,,,,,Start Time Source CBF Location > Position Z,,,,,,,,,,,,Attitude(Fixed) > DCM.XY,,,,,,,,,,,,,,,,,,,,,,,,,,,,,Spin > Derivative z,,Spin > Derivative z,Spin > Derivative z,Spin > Derivative z,Spin > Derivative z,Spin > Derivative z
,,,,,,,J2000 > RightAscension of w,J2000 > RightAscension of w,J2000 > RightAscension of w,J2000 > RightAscension of w,J2000 > RightAscension of w,J2000 > RightAscension of w,J2000 > RightAscension of w,,,,,,,,,,,,,,,,Start Time Source CBF Location > Velocity X,,,,,,,,,,,,Attitude(Fixed) > DCM.XY Rate,,,,,,,,,,,,,,,,,,,,,,,,,,,,,Spin > Derivative Magnitude,,Spin > Derivative Magnitude,Spin > Derivative Magnitude,Spin > Derivative Magnitude,Spin > Derivative Magnitude,Spin > Derivative Magnitude
,,,,,,,J2000 > Declination of w,J2000 > Declination of w,J2000 > Declination of w,J2000 > Declination of w,J2000 > Declination of w,J2000 > Declination of w,J2000 > Declination of w,,,,,,,,,,,,,,,,Start Time Source CBF Location > Velocity Y,,,,,,,,,,,,Attitude(Fixed) > DCM.XZ,,,,,,,,,,,,,,,,,,,,,,,,,,,,,Spin > MagnitudeRate,,Spin > MagnitudeRate,Spin > MagnitudeRate,Spin > MagnitudeRate,Spin > MagnitudeRate,Spin > MagnitudeRate
,,,,,,,J2000 > Eigen-Angle,J2000 > Eigen-Angle,J2000 > Eigen-Angle,J2000 > Eigen-Angle,J2000 > Eigen-Angle,J2000 > Eigen-Angle,J2000 > Eigen-Angle,,,,,,,,,,,,,,,,Start Time Source CBF Location > Velocity Z,,,,,,,,,,,,Attitude(Fixed) > DCM.XZ Rate,,,,,,,,,,,,,,,,,,,,,,,,,,,,,Spin > TransverseRate,,Spin > TransverseRate,Spin > TransverseRate,Spin > TransverseRate,Spin > TransverseRate,Spin > TransverseRate
,,,,,,,J2000 > Eigen-Axis x,J2000 > Eigen-Axis x,J2000 > Eigen-Axis x,J2000 > Eigen-Axis x,J2000 > Eigen-Axis x,J2000 > Eigen-Axis x,J2000 > Eigen-Axis x,,,,,,,,,,,,,,,,Stop Time Source CBF Location > Time,,,,,,,,,,,,Attitude(Fixed) > DCM.YX,,,,,,,,,,,,,,,,,,,,,,,,,,,,,Spin > AngularRate,,Spin > AngularRate,Spin > AngularRate,Spin > AngularRate,Spin > AngularRate,Spin > AngularRate
,,,,,,,J2000 > Eigen-Axis y,J2000 > Eigen-Axis y,J2000 > Eigen-Axis y,J2000 > Eigen-Axis y,J2000 > Eigen-Axis y,J2000 > Eigen-Axis y,J2000 > Eigen-Axis y,,,,,,,,,,,,,,,,Stop Time Source CBF Location > Latitude,,,,,,,,,,,,Attitude(Fixed) > DCM.YX Rate,,,,,,,,,,,,,,,,,,,,,,,,,,,,,Sun > Time,,Sun > Time,Sun > Time,Sun > Time,Sun > Time,Sun > Time
,,,,,,,J2000 > Eigen-Axis z,J2000 > Eigen-Axis z,J2000 > Eigen-Axis z,J2000 > Eigen-Axis z,J2000 > Eigen-Axis z,J2000 > Eigen-Axis z,J2000 > Eigen-Axis z,,,,,,,,,,,,,,,,Stop Time Source CBF Location > Longitude,,,,,,,,,,,,Attitude(Fixed) > DCM.YY,,,,,,,,,,,,,,,,,,,,,,,,,,,,,Sun > x,,Sun > x,Sun > x,Sun > x,Sun > x,Sun > x
,,,,,,,J2000 > YPR321 yaw rate,J2000 > Yaw Rate,J2000 > Yaw Rate,J2000 > Yaw Rate,J2000 > Yaw Rate,J2000 > Yaw Rate,J2000 > Yaw Rate,,,,,,,,,,,,,,,,Stop Time Source CBF Location > Altitude,,,,,,,,,,,,Attitude(Fixed) > DCM.YY Rate,,,,,,,,,,,,,,,,,,,,,,,,,,,,,Sun > y,,Sun > y,Sun > y,Sun > y,Sun > y,Sun > y
,,,,,,,J2000 > YPR321 pitch rate,J2000 > Pitch Rate,J2000 > Pitch Rate,J2000 > Pitch Rate,J2000 > Pitch Rate,J2000 > Pitch Rate,J2000 > Pitch Rate,,,,,,,,,,,,,,,,Stop Time Source CBF Location > Position X,,,,,,,,,,,,Attitude(Fixed) > DCM.YZ,,,,,,,,,,,,,,,,,,,,,,,,,,,,,Sun > z,,Sun > z,Sun > z,Sun > z,Sun > z,Sun > z
,,,,,,,J2000 > YPR321 roll rate,J2000 > Roll Rate,J2000 > Roll Rate,J2000 > Roll Rate,J2000 > Roll Rate,J2000 > Roll Rate,J2000 > Roll Rate,,,,,,,,,,,,,,,,Stop Time Source CBF Location > Position Y,,,,,,,,,,,,Attitude(Fixed) > DCM.YZ Rate,,,,,,,,,,,,,,,,,,,,,,,,,,,,,Sun > Magnitude,,Sun > Magnitude,Sun > Magnitude,Sun > Magnitude,Sun > Magnitude,Sun > Magnitude
,,,,,,,J2000 > Euler321 precession rate,J2000 > Euler321 precession rate,J2000 > Euler321 precession rate,J2000 > Euler321 precession rate,J2000 > Euler321 precession rate,J2000 > Euler321 precession rate,J2000 > Euler321 precession rate,,,,,,,,,,,,,,,,Stop Time Source CBF Location > Position Z,,,,,,,,,,,,Attitude(Fixed) > DCM.ZX,,,,,,,,,,,,,,,,,,,,,,,,,,,,,Sun > x/Magnitude,,Sun > x/Magnitude,Sun > x/Magnitude,Sun > x/Magnitude,Sun > x/Magnitude,Sun > x/Magnitude
,,,,,,,J2000 > Euler321 nutation rate,J2000 > Euler321 nutation rate,J2000 > Euler321 nutation rate,J2000 > Euler321 nutation rate,J2000 > Euler321 nutation rate,J2000 > Euler321 nutation rate,J2000 > Euler321 nutation rate,,,,,,,,,,,,,,,,Stop Time Source CBF Location > Velocity X,,,,,,,,,,,,Attitude(Fixed) > DCM.ZX Rate,,,,,,,,,,,,,,,,,,,,,,,,,,,,,Sun > y/Magnitude,,Sun > y/Magnitude,Sun > y/Magnitude,Sun > y/Magnitude,Sun > y/Magnitude,Sun > y/Magnitude
,,,,,,,J2000 > Euler321 spin rate,J2000 > Euler321 spin rate,J2000 > Euler321 spin rate,J2000 > Euler321 spin rate,J2000 > Euler321 spin rate,J2000 > Euler321 spin rate,J2000 > Euler321 spin rate,,,,,,,,,,,,,,,,Stop Time Source CBF Location > Velocity Y,,,,,,,,,,,,Attitude(Fixed) > DCM.ZY,,,,,,,,,,,,,,,,,,,,,,,,,,,,,Sun > z/Magnitude,,Sun > z/Magnitude,Sun > z/Magnitude,Sun > z/Magnitude,Sun > z/Magnitude,Sun > z/Magnitude
,,,,,,,J2000 > Euler323 precession rate,J2000 > Euler323 precession rate,J2000 > Euler323 precession rate,J2000 > Euler323 precession rate,J2000 > Euler323 precession rate,J2000 > Euler323 precession rate,J2000 > Euler323 precession rate,,,,,,,,,,,,,,,,Stop Time Source CBF Location > Velocity Z,,,,,,,,,,,,Attitude(Fixed) > DCM.ZY Rate,,,,,,,,,,,,,,,,,,,,,,,,,,,,,Sun > RightAscension,,Sun > RightAscension,Sun > RightAscension,Sun > RightAscension,Sun > RightAscension,Sun > RightAscension
,,,,,,,J2000 > Euler323 nutation rate,J2000 > Euler323 nutation rate,J2000 > Euler323 nutation rate,J2000 > Euler323 nutation rate,J2000 > Euler323 nutation rate,J2000 > Euler323 nutation rate,J2000 > Euler323 nutation rate,,,,,,,,,,,,,,,,Start Time Target CBF Location > Time,,,,,,,,,,,,Attitude(Fixed) > DCM.ZZ,,,,,,,,,,,,,,,,,,,,,,,,,,,,,Sun > Declination,,Sun > Declination,Sun > Declination,Sun > Declination,Sun > Declination,Sun > Declination
,,,,,,,J2000 > Euler323 spin rate,J2000 > Euler323 spin rate,J2000 > Euler323 spin rate,J2000 > Euler323 spin rate,J2000 > Euler323 spin rate,J2000 > Euler323 spin rate,J2000 > Euler323 spin rate,,,,,,,,,,,,,,,,Start Time Target CBF Location > Latitude,,,,,,,,,,,,Attitude(Fixed) > DCM.ZZ Rate,,,,,,,,,,,,,,,,,,,,,,,,,,,,,Sun > Co-Declination,,Sun > Co-Declination,Sun > Co-Declination,Sun > Co-Declination,Sun > Co-Declination,Sun > Co-Declination
,,,,,,,Earth Fixed > Time,Earth Fixed > Time,Earth Fixed > Time,Earth Fixed > Time,Earth Fixed > Time,Earth Fixed > Time,Earth Fixed > Time,,,,,,,,,,,,,,,,Start Time Target CBF Location > Longitude,,,,,,,,,,,,Attitude(Fixed) > AngleAxis.X,,,,,,,,,,,,,,,,,,,,,,,,,,,,,Sun > NegativeDeclination,,Sun > NegativeDeclination,Sun > NegativeDeclination,Sun > NegativeDeclination,Sun > NegativeDeclination,Sun > NegativeDeclination
,,,,,,,Earth Fixed > YPR321 yaw,Earth Fixed > Yaw,Earth Fixed > Yaw,Earth Fixed > Yaw,Earth Fixed > Yaw,Earth Fixed > Yaw,Earth Fixed > Yaw,,,,,,,,,,,,,,,,Start Time Target CBF Location > Altitude,,,,,,,,,,,,Attitude(Fixed) > AngleAxis.X Rate,,,,,,,,,,,,,,,,,,,,,,,,,,,,,Sun > DirectionAngle x,,Sun > DirectionAngle x,Sun > DirectionAngle x,Sun > DirectionAngle x,Sun > DirectionAngle x,Sun > DirectionAngle x
,,,,,,,Earth Fixed > YPR321 pitch,Earth Fixed > Pitch,Earth Fixed > Pitch,Earth Fixed > Pitch,Earth Fixed > Pitch,Earth Fixed > Pitch,Earth Fixed > Pitch,,,,,,,,,,,,,,,,Start Time Target CBF Location > Position X,,,,,,,,,,,,Attitude(Fixed) > AngleAxis.Y,,,,,,,,,,,,,,,,,,,,,,,,,,,,,Sun > DirectionAngle y,,Sun > DirectionAngle y,Sun > DirectionAngle y,Sun > DirectionAngle y,Sun > DirectionAngle y,Sun > DirectionAngle y
,,,,,,,Earth Fixed > YPR321 roll,Earth Fixed > Roll,Earth Fixed > Roll,Earth Fixed > Roll,Earth Fixed > Roll,Earth Fixed > Roll,Earth Fixed > Roll,,,,,,,,,,,,,,,,Start Time Target CBF Location > Position Y,,,,,,,,,,,,Attitude(Fixed) > AngleAxis.Y Rate,,,,,,,,,,,,,,,,,,,,,,,,,,,,,Sun > DirectionAngle z,,Sun > DirectionAngle z,Sun > DirectionAngle z,Sun > DirectionAngle z,Sun > DirectionAngle z,Sun > DirectionAngle z
,,,,,,,Earth Fixed > Euler321 precession,Earth Fixed > Euler321 precession,Earth Fixed > Euler321 precession,Earth Fixed > Euler321 precession,Earth Fixed > Euler321 precession,Earth Fixed > Euler321 precession,Earth Fixed > Euler321 precession,,,,,,,,,,,,,,,,Start Time Target CBF Location > Position Z,,,,,,,,,,,,Attitude(Fixed) > AngleAxis.Z,,,,,,,,,,,,,,,,,,,,,,,,,,,,,Sun > Derivative x,,Sun > Derivative x,Sun > Derivative x,Sun > Derivative x,Sun > Derivative x,Sun > Derivative x
,,,,,,,Earth Fixed > Euler321 nutation,Earth Fixed > Euler321 nutation,Earth Fixed > Euler321 nutation,Earth Fixed > Euler321 nutation,Earth Fixed > Euler321 nutation,Earth Fixed > Euler321 nutation,Earth Fixed > Euler321 nutation,,,,,,,,,,,,,,,,Start Time Target CBF Location > Velocity X,,,,,,,,,,,,Attitude(Fixed) > AngleAxis.Z Rate,,,,,,,,,,,,,,,,,,,,,,,,,,,,,Sun > Derivative y,,Sun > Derivative y,Sun > Derivative y,Sun > Derivative y,Sun > Derivative y,Sun > Derivative y
,,,,,,,Earth Fixed > Euler321 spin,Earth Fixed > Euler321 spin,Earth Fixed > Euler321 spin,Earth Fixed > Euler321 spin,Earth Fixed > Euler321 spin,Earth Fixed > Euler321 spin,Earth Fixed > Euler321 spin,,,,,,,,,,,,,,,,Start Time Target CBF Location > Velocity Y,,,,,,,,,,,,Attitude(Fixed) > AngleAxis.RotationAngle,,,,,,,,,,,,,,,,,,,,,,,,,,,,,Sun > Derivative z,,Sun > Derivative z,Sun > Derivative z,Sun > Derivative z,Sun > Derivative z,Sun > Derivative z
,,,,,,,Earth Fixed > Euler323 precession,Earth Fixed > Euler323 precession,Earth Fixed > Euler323 precession,Earth Fixed > Euler323 precession,Earth Fixed > Euler323 precession,Earth Fixed > Euler323 precession,Earth Fixed > Euler323 precession,,,,,,,,,,,,,,,,Start Time Target CBF Location > Velocity Z,,,,,,,,,,,,Attitude(Fixed) > AngleAxis.RotationAngle Rate,,,,,,,,,,,,,,,,,,,,,,,,,,,,,Sun > Derivative Magnitude,,Sun > Derivative Magnitude,Sun > Derivative Magnitude,Sun > Derivative Magnitude,Sun > Derivative Magnitude,Sun > Derivative Magnitude
,,,,,,,Earth Fixed > Euler323 nutation,Earth Fixed > Euler323 nutation,Earth Fixed > Euler323 nutation,Earth Fixed > Euler323 nutation,Earth Fixed > Euler323 nutation,Earth Fixed > Euler323 nutation,Earth Fixed > Euler323 nutation,,,,,,,,,,,,,,,,Stop Time Target CBF Location > Time,,,,,,,,,,,,Attitude(ICRF) > Time,,,,,,,,,,,,,,,,,,,,,,,,,,,,,Sun > MagnitudeRate,,Sun > MagnitudeRate,Sun > MagnitudeRate,Sun > MagnitudeRate,Sun > MagnitudeRate,Sun > MagnitudeRate
,,,,,,,Earth Fixed > Euler323 spin,Earth Fixed > Euler323 spin,Earth Fixed > Euler323 spin,Earth Fixed > Euler323 spin,Earth Fixed > Euler323 spin,Earth Fixed > Euler323 spin,Earth Fixed > Euler323 spin,,,,,,,,,,,,,,,,Stop Time Target CBF Location > Latitude,,,,,,,,,,,,Attitude(ICRF) > Quaternion.Q1,,,,,,,,,,,,,,,,,,,,,,,,,,,,,Sun > TransverseRate,,Sun > TransverseRate,Sun > TransverseRate,Sun > TransverseRate,Sun > TransverseRate,Sun > TransverseRate
,,,,,,,Earth Fixed > q1,Earth Fixed > q1,Earth Fixed > q1,Earth Fixed > q1,Earth Fixed > q1,Earth Fixed > q1,Earth Fixed > q1,,,,,,,,,,,,,,,,Stop Time Target CBF Location > Longitude,,,,,,,,,,,,Attitude(ICRF) > Quaternion.Q1 Rate,,,,,,,,,,,,,,,,,,,,,,,,,,,,,Sun > AngularRate,,Sun > AngularRate,Sun > AngularRate,Sun > AngularRate,Sun > AngularRate,Sun > AngularRate
,,,,,,,Earth Fixed > q2,Earth Fixed > q2,Earth Fixed > q2,Earth Fixed > q2,Earth Fixed > q2,Earth Fixed > q2,Earth Fixed > q2,,,,,,,,,,,,,,,,Stop Time Target CBF Location > Altitude,,,,,,,,,,,,Attitude(ICRF) > Quaternion.Q2,,,,,,,,,,,,,,,,,,,,,,,,,,,,,Sunlight > Time,,Sunlight > Time,Sunlight > Time,Sunlight > Time,Sunlight > Time,Sunlight > Time
,,,,,,,Earth Fixed > q3,Earth Fixed > q3,Earth Fixed > q3,Earth Fixed > q3,Earth Fixed > q3,Earth Fixed > q3,Earth Fixed > q3,,,,,,,,,,,,,,,,Stop Time Target CBF Location > Position X,,,,,,,,,,,,Attitude(ICRF) > Quaternion.Q2 Rate,,,,,,,,,,,,,,,,,,,,,,,,,,,,,Sunlight > x,,Sunlight > x,Sunlight > x,Sunlight > x,Sunlight > x,Sunlight > x
,,,,,,,Earth Fixed > q4,Earth Fixed > q4,Earth Fixed > q4,Earth Fixed > q4,Earth Fixed > q4,Earth Fixed > q4,Earth Fixed > q4,,,,,,,,,,,,,,,,Stop Time Target CBF Location > Position Y,,,,,,,,,,,,Attitude(ICRF) > Quaternion.Q3,,,,,,,,,,,,,,,,,,,,,,,,,,,,,Sunlight > y,,Sunlight > y,Sunlight > y,Sunlight > y,Sunlight > y,Sunlight > y
,,,,,,,Earth Fixed > wx,Earth Fixed > wx,Earth Fixed > wx,Earth Fixed > wx,Earth Fixed > wx,Earth Fixed > wx,Earth Fixed > wx,,,,,,,,,,,,,,,,Stop Time Target CBF Location > Position Z,,,,,,,,,,,,Attitude(ICRF) > Quaternion.Q3 Rate,,,,,,,,,,,,,,,,,,,,,,,,,,,,,Sunlight > z,,Sunlight > z,Sunlight > z,Sunlight > z,Sunlight > z,Sunlight > z
,,,,,,,Earth Fixed > wy,Earth Fixed > wy,Earth Fixed > wy,Earth Fixed > wy,Earth Fixed > wy,Earth Fixed > wy,Earth Fixed > wy,,,,,,,,,,,,,,,,Stop Time Target CBF Location > Velocity X,,,,,,,,,,,,Attitude(ICRF) > Quaternion.Q4,,,,,,,,,,,,,,,,,,,,,,,,,,,,,Sunlight > Magnitude,,Sunlight > Magnitude,Sunlight > Magnitude,Sunlight > Magnitude,Sunlight > Magnitude,Sunlight > Magnitude
,,,,,,,Earth Fixed > wz,Earth Fixed > wz,Earth Fixed > wz,Earth Fixed > wz,Earth Fixed > wz,Earth Fixed > wz,Earth Fixed > wz,,,,,,,,,,,,,,,,Stop Time Target CBF Location > Velocity Y,,,,,,,,,,,,Attitude(ICRF) > Quaternion.Q4 Rate,,,,,,,,,,,,,,,,,,,,,,,,,,,,,Sunlight > x/Magnitude,,Sunlight > x/Magnitude,Sunlight > x/Magnitude,Sunlight > x/Magnitude,Sunlight > x/Magnitude,Sunlight > x/Magnitude
,,,,,,,Earth Fixed > w mag,Earth Fixed > w mag,Earth Fixed > w mag,Earth Fixed > w mag,Earth Fixed > w mag,Earth Fixed > w mag,Earth Fixed > w mag,,,,,,,,,,,,,,,,Stop Time Target CBF Location > Velocity Z,,,,,,,,,,,,Attitude(ICRF) > Euler.121.A,,,,,,,,,,,,,,,,,,,,,,,,,,,,,Sunlight > y/Magnitude,,Sunlight > y/Magnitude,Sunlight > y/Magnitude,Sunlight > y/Magnitude,Sunlight > y/Magnitude,Sunlight > y/Magnitude
,,,,,,,Earth Fixed > RightAscension of w,Earth Fixed > RightAscension of w,Earth Fixed > RightAscension of w,Earth Fixed > RightAscension of w,Earth Fixed > RightAscension of w,Earth Fixed > RightAscension of w,Earth Fixed > RightAscension of w,,,,,,,,,,,,,,,,Start Time Source CBI Location > Time,,,,,,,,,,,,Attitude(ICRF) > Euler.121.A Rate,,,,,,,,,,,,,,,,,,,,,,,,,,,,,Sunlight > z/Magnitude,,Sunlight > z/Magnitude,Sunlight > z/Magnitude,Sunlight > z/Magnitude,Sunlight > z/Magnitude,Sunlight > z/Magnitude
,,,,,,,Earth Fixed > Declination of w,Earth Fixed > Declination of w,Earth Fixed > Declination of w,Earth Fixed > Declination of w,Earth Fixed > Declination of w,Earth Fixed > Declination of w,Earth Fixed > Declination of w,,,,,,,,,,,,,,,,Start Time Source CBI Location > Position X,,,,,,,,,,,,Attitude(ICRF) > Euler.121.B,,,,,,,,,,,,,,,,,,,,,,,,,,,,,Sunlight > RightAscension,,Sunlight > RightAscension,Sunlight > RightAscension,Sunlight > RightAscension,Sunlight > RightAscension,Sunlight > RightAscension
,,,,,,,Earth Fixed > Eigen-Angle,Earth Fixed > Eigen-Angle,Earth Fixed > Eigen-Angle,Earth Fixed > Eigen-Angle,Earth Fixed > Eigen-Angle,Earth Fixed > Eigen-Angle,Earth Fixed > Eigen-Angle,,,,,,,,,,,,,,,,Start Time Source CBI Location > Position Y,,,,,,,,,,,,Attitude(ICRF) > Euler.121.B Rate,,,,,,,,,,,,,,,,,,,,,,,,,,,,,Sunlight > Declination,,Sunlight > Declination,Sunlight > Declination,Sunlight > Declination,Sunlight > Declination,Sunlight > Declination
,,,,,,,Earth Fixed > Eigen-Axis x,Earth Fixed > Eigen-Axis x,Earth Fixed > Eigen-Axis x,Earth Fixed > Eigen-Axis x,Earth Fixed > Eigen-Axis x,Earth Fixed > Eigen-Axis x,Earth Fixed > Eigen-Axis x,,,,,,,,,,,,,,,,Start Time Source CBI Location > Position Z,,,,,,,,,,,,Attitude(ICRF) > Euler.121.C,,,,,,,,,,,,,,,,,,,,,,,,,,,,,Sunlight > Co-Declination,,Sunlight > Co-Declination,Sunlight > Co-Declination,Sunlight > Co-Declination,Sunlight > Co-Declination,Sunlight > Co-Declination
,,,,,,,Earth Fixed > Eigen-Axis y,Earth Fixed > Eigen-Axis y,Earth Fixed > Eigen-Axis y,Earth Fixed > Eigen-Axis y,Earth Fixed > Eigen-Axis y,Earth Fixed > Eigen-Axis y,Earth Fixed > Eigen-Axis y,,,,,,,,,,,,,,,,Start Time Source CBI Location > Velocity X,,,,,,,,,,,,Attitude(ICRF) > Euler.121.C Rate,,,,,,,,,,,,,,,,,,,,,,,,,,,,,Sunlight > NegativeDeclination,,Sunlight > NegativeDeclination,Sunlight > NegativeDeclination,Sunlight > NegativeDeclination,Sunlight > NegativeDeclination,Sunlight > NegativeDeclination
,,,,,,,Earth Fixed > Eigen-Axis z,Earth Fixed > Eigen-Axis z,Earth Fixed > Eigen-Axis z,Earth Fixed > Eigen-Axis z,Earth Fixed > Eigen-Axis z,Earth Fixed > Eigen-Axis z,Earth Fixed > Eigen-Axis z,,,,,,,,,,,,,,,,Start Time Source CBI Location > Velocity Y,,,,,,,,,,,,Attitude(ICRF) > Euler.123.A,,,,,,,,,,,,,,,,,,,,,,,,,,,,,Sunlight > DirectionAngle x,,Sunlight > DirectionAngle x,Sunlight > DirectionAngle x,Sunlight > DirectionAngle x,Sunlight > DirectionAngle x,Sunlight > DirectionAngle x
,,,,,,,Earth Fixed > YPR321 yaw rate,Earth Fixed > Yaw Rate,Earth Fixed > Yaw Rate,Earth Fixed > Yaw Rate,Earth Fixed > Yaw Rate,Earth Fixed > Yaw Rate,Earth Fixed > Yaw Rate,,,,,,,,,,,,,,,,Start Time Source CBI Location > Velocity Z,,,,,,,,,,,,Attitude(ICRF) > Euler.123.A Rate,,,,,,,,,,,,,,,,,,,,,,,,,,,,,Sunlight > DirectionAngle y,,Sunlight > DirectionAngle y,Sunlight > DirectionAngle y,Sunlight > DirectionAngle y,Sunlight > DirectionAngle y,Sunlight > DirectionAngle y
,,,,,,,Earth Fixed > YPR321 pitch rate,Earth Fixed > Pitch Rate,Earth Fixed > Pitch Rate,Earth Fixed > Pitch Rate,Earth Fixed > Pitch Rate,Earth Fixed > Pitch Rate,Earth Fixed > Pitch Rate,,,,,,,,,,,,,,,,Stop Time Source CBI Location > Time,,,,,,,,,,,,Attitude(ICRF) > Euler.123.B,,,,,,,,,,,,,,,,,,,,,,,,,,,,,Sunlight > DirectionAngle z,,Sunlight > DirectionAngle z,Sunlight > DirectionAngle z,Sunlight > DirectionAngle z,Sunlight > DirectionAngle z,Sunlight > DirectionAngle z
,,,,,,,Earth Fixed > YPR321 roll rate,Earth Fixed > Roll Rate,Earth Fixed > Roll Rate,Earth Fixed > Roll Rate,Earth Fixed > Roll Rate,Earth Fixed > Roll Rate,Earth Fixed > Roll Rate,,,,,,,,,,,,,,,,Stop Time Source CBI Location > Position X,,,,,,,,,,,,Attitude(ICRF) > Euler.123.B Rate,,,,,,,,,,,,,,,,,,,,,,,,,,,,,Sunlight > Derivative x,,Sunlight > Derivative x,Sunlight > Derivative x,Sunlight > Derivative x,Sunlight > Derivative x,Sunlight > Derivative x
,,,,,,,Earth Fixed > Euler321 precession rate,Earth Fixed > Euler321 precession rate,Earth Fixed > Euler321 precession rate,Earth Fixed > Euler321 precession rate,Earth Fixed > Euler321 precession rate,Earth Fixed > Euler321 precession rate,Earth Fixed > Euler321 precession rate,,,,,,,,,,,,,,,,Stop Time Source CBI Location > Position Y,,,,,,,,,,,,Attitude(ICRF) > Euler.123.C,,,,,,,,,,,,,,,,,,,,,,,,,,,,,Sunlight > Derivative y,,Sunlight > Derivative y,Sunlight > Derivative y,Sunlight > Derivative y,Sunlight > Derivative y,Sunlight > Derivative y
,,,,,,,Earth Fixed > Euler321 nutation rate,Earth Fixed > Euler321 nutation rate,Earth Fixed > Euler321 nutation rate,Earth Fixed > Euler321 nutation rate,Earth Fixed > Euler321 nutation rate,Earth Fixed > Euler321 nutation rate,Earth Fixed > Euler321 nutation rate,,,,,,,,,,,,,,,,Stop Time Source CBI Location > Position Z,,,,,,,,,,,,Attitude(ICRF) > Euler.123.C Rate,,,,,,,,,,,,,,,,,,,,,,,,,,,,,Sunlight > Derivative z,,Sunlight > Derivative z,Sunlight > Derivative z,Sunlight > Derivative z,Sunlight > Derivative z,Sunlight > Derivative z
,,,,,,,Earth Fixed > Euler321 spin rate,Earth Fixed > Euler321 spin rate,Earth Fixed > Euler321 spin rate,Earth Fixed > Euler321 spin rate,Earth Fixed > Euler321 spin rate,Earth Fixed > Euler321 spin rate,Earth Fixed > Euler321 spin rate,,,,,,,,,,,,,,,,Stop Time Source CBI Location > Velocity X,,,,,,,,,,,,Attitude(ICRF) > Euler.131.A,,,,,,,,,,,,,,,,,,,,,,,,,,,,,Sunlight > Derivative Magnitude,,Sunlight > Derivative Magnitude,Sunlight > Derivative Magnitude,Sunlight > Derivative Magnitude,Sunlight > Derivative Magnitude,Sunlight > Derivative Magnitude
,,,,,,,Earth Fixed > Euler323 precession rate,Earth Fixed > Euler323 precession rate,Earth Fixed > Euler323 precession rate,Earth Fixed > Euler323 precession rate,Earth Fixed > Euler323 precession rate,Earth Fixed > Euler323 precession rate,Earth Fixed > Euler323 precession rate,,,,,,,,,,,,,,,,Stop Time Source CBI Location > Velocity Y,,,,,,,,,,,,Attitude(ICRF) > Euler.131.A Rate,,,,,,,,,,,,,,,,,,,,,,,,,,,,,Sunlight > MagnitudeRate,,Sunlight > MagnitudeRate,Sunlight > MagnitudeRate,Sunlight > MagnitudeRate,Sunlight > MagnitudeRate,Sunlight > MagnitudeRate
,,,,,,,Earth Fixed > Euler323 nutation rate,Earth Fixed > Euler323 nutation rate,Earth Fixed > Euler323 nutation rate,Earth Fixed > Euler323 nutation rate,Earth Fixed > Euler323 nutation rate,Earth Fixed > Euler323 nutation rate,Earth Fixed > Euler323 nutation rate,,,,,,,,,,,,,,,,Stop Time Source CBI Location > Velocity Z,,,,,,,,,,,,Attitude(ICRF) > Euler.131.B,,,,,,,,,,,,,,,,,,,,,,,,,,,,,Sunlight > TransverseRate,,Sunlight > TransverseRate,Sunlight > TransverseRate,Sunlight > TransverseRate,Sunlight > TransverseRate,Sunlight > TransverseRate
,,,,,,,Earth Fixed > Euler323 spin rate,Earth Fixed > Euler323 spin rate,Earth Fixed > Euler323 spin rate,Earth Fixed > Euler323 spin rate,Earth Fixed > Euler323 spin rate,Earth Fixed > Euler323 spin rate,Earth Fixed > Euler323 spin rate,,,,,,,,,,,,,,,,Start Time Target CBI Location > Time,,,,,,,,,,,,Attitude(ICRF) > Euler.131.B Rate,,,,,,,,,,,,,,,,,,,,,,,,,,,,,Sunlight > AngularRate,,Sunlight > AngularRate,Sunlight > AngularRate,Sunlight > AngularRate,Sunlight > AngularRate,Sunlight > AngularRate
,,,,,,,Parent Body Axes > Time,Parent Body Axes > Time,Parent Body Axes > Time,Parent Body Axes > Time,Parent Body Axes > Time,Parent Body Axes > Time,Parent Body Axes > Time,,,,,,,,,,,,,,,,Start Time Target CBI Location > Position X,,,,,,,,,,,,Attitude(ICRF) > Euler.131.C,,,,,,,,,,,,,,,,,,,,,,,,,,,,,Up > Time,,Up > Time,Up > Time,Up > Time,Up > Time,Up > Time
,,,,,,,Parent Body Axes > YPR321 yaw,Parent Body Axes > Yaw,Parent Body Axes > Yaw,Parent Body Axes > Yaw,Parent Body Axes > Yaw,Parent Body Axes > Yaw,Parent Body Axes > Yaw,,,,,,,,,,,,,,,,Start Time Target CBI Location > Position Y,,,,,,,,,,,,Attitude(ICRF) > Euler.131.C Rate,,,,,,,,,,,,,,,,,,,,,,,,,,,,,Up > x,,Up > x,Up > x,Up > x,Up > x,Up > x
,,,,,,,Parent Body Axes > YPR321 pitch,Parent Body Axes > Pitch,Parent Body Axes > Pitch,Parent Body Axes > Pitch,Parent Body Axes > Pitch,Parent Body Axes > Pitch,Parent Body Axes > Pitch,,,,,,,,,,,,,,,,Start Time Target CBI Location > Position Z,,,,,,,,,,,,Attitude(ICRF) > Euler.132.A,,,,,,,,,,,,,,,,,,,,,,,,,,,,,Up > y,,Up > y,Up > y,Up > y,Up > y,Up > y
,,,,,,,Parent Body Axes > YPR321 roll,Parent Body Axes > Roll,Parent Body Axes > Roll,Parent Body Axes > Roll,Parent Body Axes > Roll,Parent Body Axes > Roll,Parent Body Axes > Roll,,,,,,,,,,,,,,,,Start Time Target CBI Location > Velocity X,,,,,,,,,,,,Attitude(ICRF) > Euler.132.A Rate,,,,,,,,,,,,,,,,,,,,,,,,,,,,,Up > z,,Up > z,Up > z,Up > z,Up > z,Up > z
,,,,,,,Parent Body Axes > Euler321 precession,Parent Body Axes > Euler321 precession,Parent Body Axes > Euler321 precession,Parent Body Axes > Euler321 precession,Parent Body Axes > Euler321 precession,Parent Body Axes > Euler321 precession,Parent Body Axes > Euler321 precession,,,,,,,,,,,,,,,,Start Time Target CBI Location > Velocity Y,,,,,,,,,,,,Attitude(ICRF) > Euler.132.B,,,,,,,,,,,,,,,,,,,,,,,,,,,,,Up > Magnitude,,Up > Magnitude,Up > Magnitude,Up > Magnitude,Up > Magnitude,Up > Magnitude
,,,,,,,Parent Body Axes > Euler321 nutation,Parent Body Axes > Euler321 nutation,Parent Body Axes > Euler321 nutation,Parent Body Axes > Euler321 nutation,Parent Body Axes > Euler321 nutation,Parent Body Axes > Euler321 nutation,Parent Body Axes > Euler321 nutation,,,,,,,,,,,,,,,,Start Time Target CBI Location > Velocity Z,,,,,,,,,,,,Attitude(ICRF) > Euler.132.B Rate,,,,,,,,,,,,,,,,,,,,,,,,,,,,,Up > x/Magnitude,,Up > x/Magnitude,Up > x/Magnitude,Up > x/Magnitude,Up > x/Magnitude,Up > x/Magnitude
,,,,,,,Parent Body Axes > Euler321 spin,Parent Body Axes > Euler321 spin,Parent Body Axes > Euler321 spin,Parent Body Axes > Euler321 spin,Parent Body Axes > Euler321 spin,Parent Body Axes > Euler321 spin,Parent Body Axes > Euler321 spin,,,,,,,,,,,,,,,,Stop Time Target CBI Location > Time,,,,,,,,,,,,Attitude(ICRF) > Euler.132.C,,,,,,,,,,,,,,,,,,,,,,,,,,,,,Up > y/Magnitude,,Up > y/Magnitude,Up > y/Magnitude,Up > y/Magnitude,Up > y/Magnitude,Up > y/Magnitude
,,,,,,,Parent Body Axes > Euler323 precession,Parent Body Axes > Euler323 precession,Parent Body Axes > Euler323 precession,Parent Body Axes > Euler323 precession,Parent Body Axes > Euler323 precession,Parent Body Axes > Euler323 precession,Parent Body Axes > Euler323 precession,,,,,,,,,,,,,,,,Stop Time Target CBI Location > Position X,,,,,,,,,,,,Attitude(ICRF) > Euler.132.C Rate,,,,,,,,,,,,,,,,,,,,,,,,,,,,,Up > z/Magnitude,,Up > z/Magnitude,Up > z/Magnitude,Up > z/Magnitude,Up > z/Magnitude,Up > z/Magnitude
,,,,,,,Parent Body Axes > Euler323 nutation,Parent Body Axes > Euler323 nutation,Parent Body Axes > Euler323 nutation,Parent Body Axes > Euler323 nutation,Parent Body Axes > Euler323 nutation,Parent Body Axes > Euler323 nutation,Parent Body Axes > Euler323 nutation,,,,,,,,,,,,,,,,Stop Time Target CBI Location > Position Y,,,,,,,,,,,,Attitude(ICRF) > Euler.212.A,,,,,,,,,,,,,,,,,,,,,,,,,,,,,Up > RightAscension,,Up > RightAscension,Up > RightAscension,Up > RightAscension,Up > RightAscension,Up > RightAscension
,,,,,,,Parent Body Axes > Euler323 spin,Parent Body Axes > Euler323 spin,Parent Body Axes > Euler323 spin,Parent Body Axes > Euler323 spin,Parent Body Axes > Euler323 spin,Parent Body Axes > Euler323 spin,Parent Body Axes > Euler323 spin,,,,,,,,,,,,,,,,Stop Time Target CBI Location > Position Z,,,,,,,,,,,,Attitude(ICRF) > Euler.212.A Rate,,,,,,,,,,,,,,,,,,,,,,,,,,,,,Up > Declination,,Up > Declination,Up > Declination,Up > Declination,Up > Declination,Up > Declination
,,,,,,,Parent Body Axes > q1,Parent Body Axes > q1,Parent Body Axes > q1,Parent Body Axes > q1,Parent Body Axes > q1,Parent Body Axes > q1,Parent Body Axes > q1,,,,,,,,,,,,,,,,Stop Time Target CBI Location > Velocity X,,,,,,,,,,,,Attitude(ICRF) > Euler.212.B,,,,,,,,,,,,,,,,,,,,,,,,,,,,,Up > Co-Declination,,Up > Co-Declination,Up > Co-Declination,Up > Co-Declination,Up > Co-Declination,Up > Co-Declination
,,,,,,,Parent Body Axes > q2,Parent Body Axes > q2,Parent Body Axes > q2,Parent Body Axes > q2,Parent Body Axes > q2,Parent Body Axes > q2,Parent Body Axes > q2,,,,,,,,,,,,,,,,Stop Time Target CBI Location > Velocity Y,,,,,,,,,,,,Attitude(ICRF) > Euler.212.B Rate,,,,,,,,,,,,,,,,,,,,,,,,,,,,,Up > NegativeDeclination,,Up > NegativeDeclination,Up > NegativeDeclination,Up > NegativeDeclination,Up > NegativeDeclination,Up > NegativeDeclination
,,,,,,,Parent Body Axes > q3,Parent Body Axes > q3,Parent Body Axes > q3,Parent Body Axes > q3,Parent Body Axes > q3,Parent Body Axes > q3,Parent Body Axes > q3,,,,,,,,,,,,,,,,Stop Time Target CBI Location > Velocity Z,,,,,,,,,,,,Attitude(ICRF) > Euler.212.C,,,,,,,,,,,,,,,,,,,,,,,,,,,,,Up > DirectionAngle x,,Up > DirectionAngle x,Up > DirectionAngle x,Up > DirectionAngle x,Up > DirectionAngle x,Up > DirectionAngle x
,,,,,,,Parent Body Axes > q4,Parent Body Axes > q4,Parent Body Axes > q4,Parent Body Axes > q4,Parent Body Axes > q4,Parent Body Axes > q4,Parent Body Axes > q4,,,,,,,,,,,,,,,,,,,,,,,,,,,,Attitude(ICRF) > Euler.212.C Rate,,,,,,,,,,,,,,,,,,,,,,,,,,,,,Up > DirectionAngle y,,Up > DirectionAngle y,Up > DirectionAngle y,Up > DirectionAngle y,Up > DirectionAngle y,Up > DirectionAngle y
,,,,,,,Parent Body Axes > wx,Parent Body Axes > wx,Parent Body Axes > wx,Parent Body Axes > wx,Parent Body Axes > wx,Parent Body Axes > wx,Parent Body Axes > wx,,,,,,,,,,,,,,,,,,,,,,,,,,,,Attitude(ICRF) > Euler.213.A,,,,,,,,,,,,,,,,,,,,,,,,,,,,,Up > DirectionAngle z,,Up > DirectionAngle z,Up > DirectionAngle z,Up > DirectionAngle z,Up > DirectionAngle z,Up > DirectionAngle z
,,,,,,,Parent Body Axes > wy,Parent Body Axes > wy,Parent Body Axes > wy,Parent Body Axes > wy,Parent Body Axes > wy,Parent Body Axes > wy,Parent Body Axes > wy,,,,,,,,,,,,,,,,,,,,,,,,,,,,Attitude(ICRF) > Euler.213.A Rate,,,,,,,,,,,,,,,,,,,,,,,,,,,,,Up > Derivative x,,Up > Derivative x,Up > Derivative x,Up > Derivative x,Up > Derivative x,Up > Derivative x
,,,,,,,Parent Body Axes > wz,Parent Body Axes > wz,Parent Body Axes > wz,Parent Body Axes > wz,Parent Body Axes > wz,Parent Body Axes > wz,Parent Body Axes > wz,,,,,,,,,,,,,,,,,,,,,,,,,,,,Attitude(ICRF) > Euler.213.B,,,,,,,,,,,,,,,,,,,,,,,,,,,,,Up > Derivative y,,Up > Derivative y,Up > Derivative y,Up > Derivative y,Up > Derivative y,Up > Derivative y
,,,,,,,Parent Body Axes > w mag,Parent Body Axes > w mag,Parent Body Axes > w mag,Parent Body Axes > w mag,Parent Body Axes > w mag,Parent Body Axes > w mag,Parent Body Axes > w mag,,,,,,,,,,,,,,,,,,,,,,,,,,,,Attitude(ICRF) > Euler.213.B Rate,,,,,,,,,,,,,,,,,,,,,,,,,,,,,Up > Derivative z,,Up > Derivative z,Up > Derivative z,Up > Derivative z,Up > Derivative z,Up > Derivative z
,,,,,,,Parent Body Axes > RightAscension of w,Parent Body Axes > RightAscension of w,Parent Body Axes > RightAscension of w,Parent Body Axes > RightAscension of w,Parent Body Axes > RightAscension of w,Parent Body Axes > RightAscension of w,Parent Body Axes > RightAscension of w,,,,,,,,,,,,,,,,,,,,,,,,,,,,Attitude(ICRF) > Euler.213.C,,,,,,,,,,,,,,,,,,,,,,,,,,,,,Up > Derivative Magnitude,,Up > Derivative Magnitude,Up > Derivative Magnitude,Up > Derivative Magnitude,Up > Derivative Magnitude,Up > Derivative Magnitude
,,,,,,,Parent Body Axes > Declination of w,Parent Body Axes > Declination of w,Parent Body Axes > Declination of w,Parent Body Axes > Declination of w,Parent Body Axes > Declination of w,Parent Body Axes > Declination of w,Parent Body Axes > Declination of w,,,,,,,,,,,,,,,,,,,,,,,,,,,,Attitude(ICRF) > Euler.213.C Rate,,,,,,,,,,,,,,,,,,,,,,,,,,,,,Up > MagnitudeRate,,Up > MagnitudeRate,Up > MagnitudeRate,Up > MagnitudeRate,Up > MagnitudeRate,Up > MagnitudeRate
,,,,,,,Parent Body Axes > Eigen-Angle,Parent Body Axes > Eigen-Angle,Parent Body Axes > Eigen-Angle,Parent Body Axes > Eigen-Angle,Parent Body Axes > Eigen-Angle,Parent Body Axes > Eigen-Angle,Parent Body Axes > Eigen-Angle,,,,,,,,,,,,,,,,,,,,,,,,,,,,Attitude(ICRF) > Euler.231.A,,,,,,,,,,,,,,,,,,,,,,,,,,,,,Up > TransverseRate,,Up > TransverseRate,Up > TransverseRate,Up > TransverseRate,Up > TransverseRate,Up > TransverseRate
,,,,,,,Parent Body Axes > Eigen-Axis x,Parent Body Axes > Eigen-Axis x,Parent Body Axes > Eigen-Axis x,Parent Body Axes > Eigen-Axis x,Parent Body Axes > Eigen-Axis x,Parent Body Axes > Eigen-Axis x,Parent Body Axes > Eigen-Axis x,,,,,,,,,,,,,,,,,,,,,,,,,,,,Attitude(ICRF) > Euler.231.A Rate,,,,,,,,,,,,,,,,,,,,,,,,,,,,,Up > AngularRate,,Up > AngularRate,Up > AngularRate,Up > AngularRate,Up > AngularRate,Up > AngularRate
,,,,,,,Parent Body Axes > Eigen-Axis y,Parent Body Axes > Eigen-Axis y,Parent Body Axes > Eigen-Axis y,Parent Body Axes > Eigen-Axis y,Parent Body Axes > Eigen-Axis y,Parent Body Axes > Eigen-Axis y,Parent Body Axes > Eigen-Axis y,,,,,,,,,,,,,,,,,,,,,,,,,,,,Attitude(ICRF) > Euler.231.B,,,,,,,,,,,,,,,,,,,,,,,,,,,,,,,,,,,
,,,,,,,Parent Body Axes > Eigen-Axis z,Parent Body Axes > Eigen-Axis z,Parent Body Axes > Eigen-Axis z,Parent Body Axes > Eigen-Axis z,Parent Body Axes > Eigen-Axis z,Parent Body Axes > Eigen-Axis z,Parent Body Axes > Eigen-Axis z,,,,,,,,,,,,,,,,,,,,,,,,,,,,Attitude(ICRF) > Euler.231.B Rate,,,,,,,,,,,,,,,,,,,,,,,,,,,,,,,,,,,
,,,,,,,Parent Body Axes > YPR321 yaw rate,Parent Body Axes > Yaw Rate,Parent Body Axes > Yaw Rate,Parent Body Axes > Yaw Rate,Parent Body Axes > Yaw Rate,Parent Body Axes > Yaw Rate,Parent Body Axes > Yaw Rate,,,,,,,,,,,,,,,,,,,,,,,,,,,,Attitude(ICRF) > Euler.231.C,,,,,,,,,,,,,,,,,,,,,,,,,,,,,,,,,,,
,,,,,,,Parent Body Axes > YPR321 pitch rate,Parent Body Axes > Pitch Rate,Parent Body Axes > Pitch Rate,Parent Body Axes > Pitch Rate,Parent Body Axes > Pitch Rate,Parent Body Axes > Pitch Rate,Parent Body Axes > Pitch Rate,,,,,,,,,,,,,,,,,,,,,,,,,,,,Attitude(ICRF) > Euler.231.C Rate,,,,,,,,,,,,,,,,,,,,,,,,,,,,,,,,,,,
,,,,,,,Parent Body Axes > YPR321 roll rate,Parent Body Axes > Roll Rate,Parent Body Axes > Roll Rate,Parent Body Axes > Roll Rate,Parent Body Axes > Roll Rate,Parent Body Axes > Roll Rate,Parent Body Axes > Roll Rate,,,,,,,,,,,,,,,,,,,,,,,,,,,,Attitude(ICRF) > Euler.232.A,,,,,,,,,,,,,,,,,,,,,,,,,,,,,,,,,,,
,,,,,,,Parent Body Axes > Euler321 precession rate,Parent Body Axes > Euler321 precession rate,Parent Body Axes > Euler321 precession rate,Parent Body Axes > Euler321 precession rate,Parent Body Axes > Euler321 precession rate,Parent Body Axes > Euler321 precession rate,Parent Body Axes > Euler321 precession rate,,,,,,,,,,,,,,,,,,,,,,,,,,,,Attitude(ICRF) > Euler.232.A Rate,,,,,,,,,,,,,,,,,,,,,,,,,,,,,,,,,,,
,,,,,,,Parent Body Axes > Euler321 nutation rate,Parent Body Axes > Euler321 nutation rate,Parent Body Axes > Euler321 nutation rate,Parent Body Axes > Euler321 nutation rate,Parent Body Axes > Euler321 nutation rate,Parent Body Axes > Euler321 nutation rate,Parent Body Axes > Euler321 nutation rate,,,,,,,,,,,,,,,,,,,,,,,,,,,,Attitude(ICRF) > Euler.232.B,,,,,,,,,,,,,,,,,,,,,,,,,,,,,,,,,,,
,,,,,,,Parent Body Axes > Euler321 spin rate,Parent Body Axes > Euler321 spin rate,Parent Body Axes > Euler321 spin rate,Parent Body Axes > Euler321 spin rate,Parent Body Axes > Euler321 spin rate,Parent Body Axes > Euler321 spin rate,Parent Body Axes > Euler321 spin rate,,,,,,,,,,,,,,,,,,,,,,,,,,,,Attitude(ICRF) > Euler.232.B Rate,,,,,,,,,,,,,,,,,,,,,,,,,,,,,,,,,,,
,,,,,,,Parent Body Axes > Euler323 precession rate,Parent Body Axes > Euler323 precession rate,Parent Body Axes > Euler323 precession rate,Parent Body Axes > Euler323 precession rate,Parent Body Axes > Euler323 precession rate,Parent Body Axes > Euler323 precession rate,Parent Body Axes > Euler323 precession rate,,,,,,,,,,,,,,,,,,,,,,,,,,,,Attitude(ICRF) > Euler.232.C,,,,,,,,,,,,,,,,,,,,,,,,,,,,,,,,,,,
,,,,,,,Parent Body Axes > Euler323 nutation rate,Parent Body Axes > Euler323 nutation rate,Parent Body Axes > Euler323 nutation rate,Parent Body Axes > Euler323 nutation rate,Parent Body Axes > Euler323 nutation rate,Parent Body Axes > Euler323 nutation rate,Parent Body Axes > Euler323 nutation rate,,,,,,,,,,,,,,,,,,,,,,,,,,,,Attitude(ICRF) > Euler.232.C Rate,,,,,,,,,,,,,,,,,,,,,,,,,,,,,,,,,,,
,,,,,,,Parent Body Axes > Euler323 spin rate,Parent Body Axes > Euler323 spin rate,Parent Body Axes > Euler323 spin rate,Parent Body Axes > Euler323 spin rate,Parent Body Axes > Euler323 spin rate,Parent Body Axes > Euler323 spin rate,Parent Body Axes > Euler323 spin rate,,,,,,,,,,,,,,,,,,,,,,,,,,,,Attitude(ICRF) > Euler.312.A,,,,,,,,,,,,,,,,,,,,,,,,,,,,,,,,,,,
,,,,,,,,,,,,,,,,,,,,,,,,,,,,,,,,,,,,,,,,,Attitude(ICRF) > Euler.312.A Rate,,,,,,,,,,,,,,,,,,,,,,,,,,,,,,,,,,,
,,,,,,,,,,,,,,,,,,,,,,,,,,,,,,,,,,,,,,,,,Attitude(ICRF) > Euler.312.B,,,,,,,,,,,,,,,,,,,,,,,,,,,,,,,,,,,
,,,,,,,,,,,,,,,,,,,,,,,,,,,,,,,,,,,,,,,,,Attitude(ICRF) > Euler.312.B Rate,,,,,,,,,,,,,,,,,,,,,,,,,,,,,,,,,,,
,,,,,,,,,,,,,,,,,,,,,,,,,,,,,,,,,,,,,,,,,Attitude(ICRF) > Euler.312.C,,,,,,,,,,,,,,,,,,,,,,,,,,,,,,,,,,,
,,,,,,,,,,,,,,,,,,,,,,,,,,,,,,,,,,,,,,,,,Attitude(ICRF) > Euler.312.C Rate,,,,,,,,,,,,,,,,,,,,,,,,,,,,,,,,,,,
,,,,,,,,,,,,,,,,,,,,,,,,,,,,,,,,,,,,,,,,,Attitude(ICRF) > Euler.313.A,,,,,,,,,,,,,,,,,,,,,,,,,,,,,,,,,,,
,,,,,,,,,,,,,,,,,,,,,,,,,,,,,,,,,,,,,,,,,Attitude(ICRF) > Euler.313.A Rate,,,,,,,,,,,,,,,,,,,,,,,,,,,,,,,,,,,
,,,,,,,,,,,,,,,,,,,,,,,,,,,,,,,,,,,,,,,,,Attitude(ICRF) > Euler.313.B,,,,,,,,,,,,,,,,,,,,,,,,,,,,,,,,,,,
,,,,,,,,,,,,,,,,,,,,,,,,,,,,,,,,,,,,,,,,,Attitude(ICRF) > Euler.313.B Rate,,,,,,,,,,,,,,,,,,,,,,,,,,,,,,,,,,,
,,,,,,,,,,,,,,,,,,,,,,,,,,,,,,,,,,,,,,,,,Attitude(ICRF) > Euler.313.C,,,,,,,,,,,,,,,,,,,,,,,,,,,,,,,,,,,
,,,,,,,,,,,,,,,,,,,,,,,,,,,,,,,,,,,,,,,,,Attitude(ICRF) > Euler.313.C Rate,,,,,,,,,,,,,,,,,,,,,,,,,,,,,,,,,,,
,,,,,,,,,,,,,,,,,,,,,,,,,,,,,,,,,,,,,,,,,Attitude(ICRF) > Euler.321.A,,,,,,,,,,,,,,,,,,,,,,,,,,,,,,,,,,,
,,,,,,,,,,,,,,,,,,,,,,,,,,,,,,,,,,,,,,,,,Attitude(ICRF) > Euler.321.A Rate,,,,,,,,,,,,,,,,,,,,,,,,,,,,,,,,,,,
,,,,,,,,,,,,,,,,,,,,,,,,,,,,,,,,,,,,,,,,,Attitude(ICRF) > Euler.321.B,,,,,,,,,,,,,,,,,,,,,,,,,,,,,,,,,,,
,,,,,,,,,,,,,,,,,,,,,,,,,,,,,,,,,,,,,,,,,Attitude(ICRF) > Euler.321.B Rate,,,,,,,,,,,,,,,,,,,,,,,,,,,,,,,,,,,
,,,,,,,,,,,,,,,,,,,,,,,,,,,,,,,,,,,,,,,,,Attitude(ICRF) > Euler.321.C,,,,,,,,,,,,,,,,,,,,,,,,,,,,,,,,,,,
,,,,,,,,,,,,,,,,,,,,,,,,,,,,,,,,,,,,,,,,,Attitude(ICRF) > Euler.321.C Rate,,,,,,,,,,,,,,,,,,,,,,,,,,,,,,,,,,,
,,,,,,,,,,,,,,,,,,,,,,,,,,,,,,,,,,,,,,,,,Attitude(ICRF) > Euler.323.A,,,,,,,,,,,,,,,,,,,,,,,,,,,,,,,,,,,
,,,,,,,,,,,,,,,,,,,,,,,,,,,,,,,,,,,,,,,,,Attitude(ICRF) > Euler.323.A Rate,,,,,,,,,,,,,,,,,,,,,,,,,,,,,,,,,,,
,,,,,,,,,,,,,,,,,,,,,,,,,,,,,,,,,,,,,,,,,Attitude(ICRF) > Euler.323.B,,,,,,,,,,,,,,,,,,,,,,,,,,,,,,,,,,,
,,,,,,,,,,,,,,,,,,,,,,,,,,,,,,,,,,,,,,,,,Attitude(ICRF) > Euler.323.B Rate,,,,,,,,,,,,,,,,,,,,,,,,,,,,,,,,,,,
,,,,,,,,,,,,,,,,,,,,,,,,,,,,,,,,,,,,,,,,,Attitude(ICRF) > Euler.323.C,,,,,,,,,,,,,,,,,,,,,,,,,,,,,,,,,,,
,,,,,,,,,,,,,,,,,,,,,,,,,,,,,,,,,,,,,,,,,Attitude(ICRF) > Euler.323.C Rate,,,,,,,,,,,,,,,,,,,,,,,,,,,,,,,,,,,
,,,,,,,,,,,,,,,,,,,,,,,,,,,,,,,,,,,,,,,,,Attitude(ICRF) > DCM.XX,,,,,,,,,,,,,,,,,,,,,,,,,,,,,,,,,,,
,,,,,,,,,,,,,,,,,,,,,,,,,,,,,,,,,,,,,,,,,Attitude(ICRF) > DCM.XX Rate,,,,,,,,,,,,,,,,,,,,,,,,,,,,,,,,,,,
,,,,,,,,,,,,,,,,,,,,,,,,,,,,,,,,,,,,,,,,,Attitude(ICRF) > DCM.XY,,,,,,,,,,,,,,,,,,,,,,,,,,,,,,,,,,,
,,,,,,,,,,,,,,,,,,,,,,,,,,,,,,,,,,,,,,,,,Attitude(ICRF) > DCM.XY Rate,,,,,,,,,,,,,,,,,,,,,,,,,,,,,,,,,,,
,,,,,,,,,,,,,,,,,,,,,,,,,,,,,,,,,,,,,,,,,Attitude(ICRF) > DCM.XZ,,,,,,,,,,,,,,,,,,,,,,,,,,,,,,,,,,,
,,,,,,,,,,,,,,,,,,,,,,,,,,,,,,,,,,,,,,,,,Attitude(ICRF) > DCM.XZ Rate,,,,,,,,,,,,,,,,,,,,,,,,,,,,,,,,,,,
,,,,,,,,,,,,,,,,,,,,,,,,,,,,,,,,,,,,,,,,,Attitude(ICRF) > DCM.YX,,,,,,,,,,,,,,,,,,,,,,,,,,,,,,,,,,,
,,,,,,,,,,,,,,,,,,,,,,,,,,,,,,,,,,,,,,,,,Attitude(ICRF) > DCM.YX Rate,,,,,,,,,,,,,,,,,,,,,,,,,,,,,,,,,,,
,,,,,,,,,,,,,,,,,,,,,,,,,,,,,,,,,,,,,,,,,Attitude(ICRF) > DCM.YY,,,,,,,,,,,,,,,,,,,,,,,,,,,,,,,,,,,
,,,,,,,,,,,,,,,,,,,,,,,,,,,,,,,,,,,,,,,,,Attitude(ICRF) > DCM.YY Rate,,,,,,,,,,,,,,,,,,,,,,,,,,,,,,,,,,,
,,,,,,,,,,,,,,,,,,,,,,,,,,,,,,,,,,,,,,,,,Attitude(ICRF) > DCM.YZ,,,,,,,,,,,,,,,,,,,,,,,,,,,,,,,,,,,
,,,,,,,,,,,,,,,,,,,,,,,,,,,,,,,,,,,,,,,,,Attitude(ICRF) > DCM.YZ Rate,,,,,,,,,,,,,,,,,,,,,,,,,,,,,,,,,,,
,,,,,,,,,,,,,,,,,,,,,,,,,,,,,,,,,,,,,,,,,Attitude(ICRF) > DCM.ZX,,,,,,,,,,,,,,,,,,,,,,,,,,,,,,,,,,,
,,,,,,,,,,,,,,,,,,,,,,,,,,,,,,,,,,,,,,,,,Attitude(ICRF) > DCM.ZX Rate,,,,,,,,,,,,,,,,,,,,,,,,,,,,,,,,,,,
,,,,,,,,,,,,,,,,,,,,,,,,,,,,,,,,,,,,,,,,,Attitude(ICRF) > DCM.ZY,,,,,,,,,,,,,,,,,,,,,,,,,,,,,,,,,,,
,,,,,,,,,,,,,,,,,,,,,,,,,,,,,,,,,,,,,,,,,Attitude(ICRF) > DCM.ZY Rate,,,,,,,,,,,,,,,,,,,,,,,,,,,,,,,,,,,
,,,,,,,,,,,,,,,,,,,,,,,,,,,,,,,,,,,,,,,,,Attitude(ICRF) > DCM.ZZ,,,,,,,,,,,,,,,,,,,,,,,,,,,,,,,,,,,
,,,,,,,,,,,,,,,,,,,,,,,,,,,,,,,,,,,,,,,,,Attitude(ICRF) > DCM.ZZ Rate,,,,,,,,,,,,,,,,,,,,,,,,,,,,,,,,,,,
,,,,,,,,,,,,,,,,,,,,,,,,,,,,,,,,,,,,,,,,,Attitude(ICRF) > AngleAxis.X,,,,,,,,,,,,,,,,,,,,,,,,,,,,,,,,,,,
,,,,,,,,,,,,,,,,,,,,,,,,,,,,,,,,,,,,,,,,,Attitude(ICRF) > AngleAxis.X Rate,,,,,,,,,,,,,,,,,,,,,,,,,,,,,,,,,,,
,,,,,,,,,,,,,,,,,,,,,,,,,,,,,,,,,,,,,,,,,Attitude(ICRF) > AngleAxis.Y,,,,,,,,,,,,,,,,,,,,,,,,,,,,,,,,,,,
,,,,,,,,,,,,,,,,,,,,,,,,,,,,,,,,,,,,,,,,,Attitude(ICRF) > AngleAxis.Y Rate,,,,,,,,,,,,,,,,,,,,,,,,,,,,,,,,,,,
,,,,,,,,,,,,,,,,,,,,,,,,,,,,,,,,,,,,,,,,,Attitude(ICRF) > AngleAxis.Z,,,,,,,,,,,,,,,,,,,,,,,,,,,,,,,,,,,
,,,,,,,,,,,,,,,,,,,,,,,,,,,,,,,,,,,,,,,,,Attitude(ICRF) > AngleAxis.Z Rate,,,,,,,,,,,,,,,,,,,,,,,,,,,,,,,,,,,
,,,,,,,,,,,,,,,,,,,,,,,,,,,,,,,,,,,,,,,,,Attitude(ICRF) > AngleAxis.RotationAngle,,,,,,,,,,,,,,,,,,,,,,,,,,,,,,,,,,,
,,,,,,,,,,,,,,,,,,,,,,,,,,,,,,,,,,,,,,,,,Attitude(ICRF) > AngleAxis.RotationAngle Rate,,,,,,,,,,,,,,,,,,,,,,,,,,,,,,,,,,,
,,,,,,,,,,,,,,,,,,,,,,,,,,,,,,,,,,,,,,,,,Attitude(Parent) > Time,,,,,,,,,,,,,,,,,,,,,,,,,,,,,,,,,,,
,,,,,,,,,,,,,,,,,,,,,,,,,,,,,,,,,,,,,,,,,Attitude(Parent) > Quaternion.Q1,,,,,,,,,,,,,,,,,,,,,,,,,,,,,,,,,,,
,,,,,,,,,,,,,,,,,,,,,,,,,,,,,,,,,,,,,,,,,Attitude(Parent) > Quaternion.Q1 Rate,,,,,,,,,,,,,,,,,,,,,,,,,,,,,,,,,,,
,,,,,,,,,,,,,,,,,,,,,,,,,,,,,,,,,,,,,,,,,Attitude(Parent) > Quaternion.Q2,,,,,,,,,,,,,,,,,,,,,,,,,,,,,,,,,,,
,,,,,,,,,,,,,,,,,,,,,,,,,,,,,,,,,,,,,,,,,Attitude(Parent) > Quaternion.Q2 Rate,,,,,,,,,,,,,,,,,,,,,,,,,,,,,,,,,,,
,,,,,,,,,,,,,,,,,,,,,,,,,,,,,,,,,,,,,,,,,Attitude(Parent) > Quaternion.Q3,,,,,,,,,,,,,,,,,,,,,,,,,,,,,,,,,,,
,,,,,,,,,,,,,,,,,,,,,,,,,,,,,,,,,,,,,,,,,Attitude(Parent) > Quaternion.Q3 Rate,,,,,,,,,,,,,,,,,,,,,,,,,,,,,,,,,,,
,,,,,,,,,,,,,,,,,,,,,,,,,,,,,,,,,,,,,,,,,Attitude(Parent) > Quaternion.Q4,,,,,,,,,,,,,,,,,,,,,,,,,,,,,,,,,,,
,,,,,,,,,,,,,,,,,,,,,,,,,,,,,,,,,,,,,,,,,Attitude(Parent) > Quaternion.Q4 Rate,,,,,,,,,,,,,,,,,,,,,,,,,,,,,,,,,,,
,,,,,,,,,,,,,,,,,,,,,,,,,,,,,,,,,,,,,,,,,Attitude(Parent) > Euler.121.A,,,,,,,,,,,,,,,,,,,,,,,,,,,,,,,,,,,
,,,,,,,,,,,,,,,,,,,,,,,,,,,,,,,,,,,,,,,,,Attitude(Parent) > Euler.121.A Rate,,,,,,,,,,,,,,,,,,,,,,,,,,,,,,,,,,,
,,,,,,,,,,,,,,,,,,,,,,,,,,,,,,,,,,,,,,,,,Attitude(Parent) > Euler.121.B,,,,,,,,,,,,,,,,,,,,,,,,,,,,,,,,,,,
,,,,,,,,,,,,,,,,,,,,,,,,,,,,,,,,,,,,,,,,,Attitude(Parent) > Euler.121.B Rate,,,,,,,,,,,,,,,,,,,,,,,,,,,,,,,,,,,
,,,,,,,,,,,,,,,,,,,,,,,,,,,,,,,,,,,,,,,,,Attitude(Parent) > Euler.121.C,,,,,,,,,,,,,,,,,,,,,,,,,,,,,,,,,,,
,,,,,,,,,,,,,,,,,,,,,,,,,,,,,,,,,,,,,,,,,Attitude(Parent) > Euler.121.C Rate,,,,,,,,,,,,,,,,,,,,,,,,,,,,,,,,,,,
,,,,,,,,,,,,,,,,,,,,,,,,,,,,,,,,,,,,,,,,,Attitude(Parent) > Euler.123.A,,,,,,,,,,,,,,,,,,,,,,,,,,,,,,,,,,,
,,,,,,,,,,,,,,,,,,,,,,,,,,,,,,,,,,,,,,,,,Attitude(Parent) > Euler.123.A Rate,,,,,,,,,,,,,,,,,,,,,,,,,,,,,,,,,,,
,,,,,,,,,,,,,,,,,,,,,,,,,,,,,,,,,,,,,,,,,Attitude(Parent) > Euler.123.B,,,,,,,,,,,,,,,,,,,,,,,,,,,,,,,,,,,
,,,,,,,,,,,,,,,,,,,,,,,,,,,,,,,,,,,,,,,,,Attitude(Parent) > Euler.123.B Rate,,,,,,,,,,,,,,,,,,,,,,,,,,,,,,,,,,,
,,,,,,,,,,,,,,,,,,,,,,,,,,,,,,,,,,,,,,,,,Attitude(Parent) > Euler.123.C,,,,,,,,,,,,,,,,,,,,,,,,,,,,,,,,,,,
,,,,,,,,,,,,,,,,,,,,,,,,,,,,,,,,,,,,,,,,,Attitude(Parent) > Euler.123.C Rate,,,,,,,,,,,,,,,,,,,,,,,,,,,,,,,,,,,
,,,,,,,,,,,,,,,,,,,,,,,,,,,,,,,,,,,,,,,,,Attitude(Parent) > Euler.131.A,,,,,,,,,,,,,,,,,,,,,,,,,,,,,,,,,,,
,,,,,,,,,,,,,,,,,,,,,,,,,,,,,,,,,,,,,,,,,Attitude(Parent) > Euler.131.A Rate,,,,,,,,,,,,,,,,,,,,,,,,,,,,,,,,,,,
,,,,,,,,,,,,,,,,,,,,,,,,,,,,,,,,,,,,,,,,,Attitude(Parent) > Euler.131.B,,,,,,,,,,,,,,,,,,,,,,,,,,,,,,,,,,,
,,,,,,,,,,,,,,,,,,,,,,,,,,,,,,,,,,,,,,,,,Attitude(Parent) > Euler.131.B Rate,,,,,,,,,,,,,,,,,,,,,,,,,,,,,,,,,,,
,,,,,,,,,,,,,,,,,,,,,,,,,,,,,,,,,,,,,,,,,Attitude(Parent) > Euler.131.C,,,,,,,,,,,,,,,,,,,,,,,,,,,,,,,,,,,
,,,,,,,,,,,,,,,,,,,,,,,,,,,,,,,,,,,,,,,,,Attitude(Parent) > Euler.131.C Rate,,,,,,,,,,,,,,,,,,,,,,,,,,,,,,,,,,,
,,,,,,,,,,,,,,,,,,,,,,,,,,,,,,,,,,,,,,,,,Attitude(Parent) > Euler.132.A,,,,,,,,,,,,,,,,,,,,,,,,,,,,,,,,,,,
,,,,,,,,,,,,,,,,,,,,,,,,,,,,,,,,,,,,,,,,,Attitude(Parent) > Euler.132.A Rate,,,,,,,,,,,,,,,,,,,,,,,,,,,,,,,,,,,
,,,,,,,,,,,,,,,,,,,,,,,,,,,,,,,,,,,,,,,,,Attitude(Parent) > Euler.132.B,,,,,,,,,,,,,,,,,,,,,,,,,,,,,,,,,,,
,,,,,,,,,,,,,,,,,,,,,,,,,,,,,,,,,,,,,,,,,Attitude(Parent) > Euler.132.B Rate,,,,,,,,,,,,,,,,,,,,,,,,,,,,,,,,,,,
,,,,,,,,,,,,,,,,,,,,,,,,,,,,,,,,,,,,,,,,,Attitude(Parent) > Euler.132.C,,,,,,,,,,,,,,,,,,,,,,,,,,,,,,,,,,,
,,,,,,,,,,,,,,,,,,,,,,,,,,,,,,,,,,,,,,,,,Attitude(Parent) > Euler.132.C Rate,,,,,,,,,,,,,,,,,,,,,,,,,,,,,,,,,,,
,,,,,,,,,,,,,,,,,,,,,,,,,,,,,,,,,,,,,,,,,Attitude(Parent) > Euler.212.A,,,,,,,,,,,,,,,,,,,,,,,,,,,,,,,,,,,
,,,,,,,,,,,,,,,,,,,,,,,,,,,,,,,,,,,,,,,,,Attitude(Parent) > Euler.212.A Rate,,,,,,,,,,,,,,,,,,,,,,,,,,,,,,,,,,,
,,,,,,,,,,,,,,,,,,,,,,,,,,,,,,,,,,,,,,,,,Attitude(Parent) > Euler.212.B,,,,,,,,,,,,,,,,,,,,,,,,,,,,,,,,,,,
,,,,,,,,,,,,,,,,,,,,,,,,,,,,,,,,,,,,,,,,,Attitude(Parent) > Euler.212.B Rate,,,,,,,,,,,,,,,,,,,,,,,,,,,,,,,,,,,
,,,,,,,,,,,,,,,,,,,,,,,,,,,,,,,,,,,,,,,,,Attitude(Parent) > Euler.212.C,,,,,,,,,,,,,,,,,,,,,,,,,,,,,,,,,,,
,,,,,,,,,,,,,,,,,,,,,,,,,,,,,,,,,,,,,,,,,Attitude(Parent) > Euler.212.C Rate,,,,,,,,,,,,,,,,,,,,,,,,,,,,,,,,,,,
,,,,,,,,,,,,,,,,,,,,,,,,,,,,,,,,,,,,,,,,,Attitude(Parent) > Euler.213.A,,,,,,,,,,,,,,,,,,,,,,,,,,,,,,,,,,,
,,,,,,,,,,,,,,,,,,,,,,,,,,,,,,,,,,,,,,,,,Attitude(Parent) > Euler.213.A Rate,,,,,,,,,,,,,,,,,,,,,,,,,,,,,,,,,,,
,,,,,,,,,,,,,,,,,,,,,,,,,,,,,,,,,,,,,,,,,Attitude(Parent) > Euler.213.B,,,,,,,,,,,,,,,,,,,,,,,,,,,,,,,,,,,
,,,,,,,,,,,,,,,,,,,,,,,,,,,,,,,,,,,,,,,,,Attitude(Parent) > Euler.213.B Rate,,,,,,,,,,,,,,,,,,,,,,,,,,,,,,,,,,,
,,,,,,,,,,,,,,,,,,,,,,,,,,,,,,,,,,,,,,,,,Attitude(Parent) > Euler.213.C,,,,,,,,,,,,,,,,,,,,,,,,,,,,,,,,,,,
,,,,,,,,,,,,,,,,,,,,,,,,,,,,,,,,,,,,,,,,,Attitude(Parent) > Euler.213.C Rate,,,,,,,,,,,,,,,,,,,,,,,,,,,,,,,,,,,
,,,,,,,,,,,,,,,,,,,,,,,,,,,,,,,,,,,,,,,,,Attitude(Parent) > Euler.231.A,,,,,,,,,,,,,,,,,,,,,,,,,,,,,,,,,,,
,,,,,,,,,,,,,,,,,,,,,,,,,,,,,,,,,,,,,,,,,Attitude(Parent) > Euler.231.A Rate,,,,,,,,,,,,,,,,,,,,,,,,,,,,,,,,,,,
,,,,,,,,,,,,,,,,,,,,,,,,,,,,,,,,,,,,,,,,,Attitude(Parent) > Euler.231.B,,,,,,,,,,,,,,,,,,,,,,,,,,,,,,,,,,,
,,,,,,,,,,,,,,,,,,,,,,,,,,,,,,,,,,,,,,,,,Attitude(Parent) > Euler.231.B Rate,,,,,,,,,,,,,,,,,,,,,,,,,,,,,,,,,,,
,,,,,,,,,,,,,,,,,,,,,,,,,,,,,,,,,,,,,,,,,Attitude(Parent) > Euler.231.C,,,,,,,,,,,,,,,,,,,,,,,,,,,,,,,,,,,
,,,,,,,,,,,,,,,,,,,,,,,,,,,,,,,,,,,,,,,,,Attitude(Parent) > Euler.231.C Rate,,,,,,,,,,,,,,,,,,,,,,,,,,,,,,,,,,,
,,,,,,,,,,,,,,,,,,,,,,,,,,,,,,,,,,,,,,,,,Attitude(Parent) > Euler.232.A,,,,,,,,,,,,,,,,,,,,,,,,,,,,,,,,,,,
,,,,,,,,,,,,,,,,,,,,,,,,,,,,,,,,,,,,,,,,,Attitude(Parent) > Euler.232.A Rate,,,,,,,,,,,,,,,,,,,,,,,,,,,,,,,,,,,
,,,,,,,,,,,,,,,,,,,,,,,,,,,,,,,,,,,,,,,,,Attitude(Parent) > Euler.232.B,,,,,,,,,,,,,,,,,,,,,,,,,,,,,,,,,,,
,,,,,,,,,,,,,,,,,,,,,,,,,,,,,,,,,,,,,,,,,Attitude(Parent) > Euler.232.B Rate,,,,,,,,,,,,,,,,,,,,,,,,,,,,,,,,,,,
,,,,,,,,,,,,,,,,,,,,,,,,,,,,,,,,,,,,,,,,,Attitude(Parent) > Euler.232.C,,,,,,,,,,,,,,,,,,,,,,,,,,,,,,,,,,,
,,,,,,,,,,,,,,,,,,,,,,,,,,,,,,,,,,,,,,,,,Attitude(Parent) > Euler.232.C Rate,,,,,,,,,,,,,,,,,,,,,,,,,,,,,,,,,,,
,,,,,,,,,,,,,,,,,,,,,,,,,,,,,,,,,,,,,,,,,Attitude(Parent) > Euler.312.A,,,,,,,,,,,,,,,,,,,,,,,,,,,,,,,,,,,
,,,,,,,,,,,,,,,,,,,,,,,,,,,,,,,,,,,,,,,,,Attitude(Parent) > Euler.312.A Rate,,,,,,,,,,,,,,,,,,,,,,,,,,,,,,,,,,,
,,,,,,,,,,,,,,,,,,,,,,,,,,,,,,,,,,,,,,,,,Attitude(Parent) > Euler.312.B,,,,,,,,,,,,,,,,,,,,,,,,,,,,,,,,,,,
,,,,,,,,,,,,,,,,,,,,,,,,,,,,,,,,,,,,,,,,,Attitude(Parent) > Euler.312.B Rate,,,,,,,,,,,,,,,,,,,,,,,,,,,,,,,,,,,
,,,,,,,,,,,,,,,,,,,,,,,,,,,,,,,,,,,,,,,,,Attitude(Parent) > Euler.312.C,,,,,,,,,,,,,,,,,,,,,,,,,,,,,,,,,,,
,,,,,,,,,,,,,,,,,,,,,,,,,,,,,,,,,,,,,,,,,Attitude(Parent) > Euler.312.C Rate,,,,,,,,,,,,,,,,,,,,,,,,,,,,,,,,,,,
,,,,,,,,,,,,,,,,,,,,,,,,,,,,,,,,,,,,,,,,,Attitude(Parent) > Euler.313.A,,,,,,,,,,,,,,,,,,,,,,,,,,,,,,,,,,,
,,,,,,,,,,,,,,,,,,,,,,,,,,,,,,,,,,,,,,,,,Attitude(Parent) > Euler.313.A Rate,,,,,,,,,,,,,,,,,,,,,,,,,,,,,,,,,,,
,,,,,,,,,,,,,,,,,,,,,,,,,,,,,,,,,,,,,,,,,Attitude(Parent) > Euler.313.B,,,,,,,,,,,,,,,,,,,,,,,,,,,,,,,,,,,
,,,,,,,,,,,,,,,,,,,,,,,,,,,,,,,,,,,,,,,,,Attitude(Parent) > Euler.313.B Rate,,,,,,,,,,,,,,,,,,,,,,,,,,,,,,,,,,,
,,,,,,,,,,,,,,,,,,,,,,,,,,,,,,,,,,,,,,,,,Attitude(Parent) > Euler.313.C,,,,,,,,,,,,,,,,,,,,,,,,,,,,,,,,,,,
,,,,,,,,,,,,,,,,,,,,,,,,,,,,,,,,,,,,,,,,,Attitude(Parent) > Euler.313.C Rate,,,,,,,,,,,,,,,,,,,,,,,,,,,,,,,,,,,
,,,,,,,,,,,,,,,,,,,,,,,,,,,,,,,,,,,,,,,,,Attitude(Parent) > Euler.321.A,,,,,,,,,,,,,,,,,,,,,,,,,,,,,,,,,,,
,,,,,,,,,,,,,,,,,,,,,,,,,,,,,,,,,,,,,,,,,Attitude(Parent) > Euler.321.A Rate,,,,,,,,,,,,,,,,,,,,,,,,,,,,,,,,,,,
,,,,,,,,,,,,,,,,,,,,,,,,,,,,,,,,,,,,,,,,,Attitude(Parent) > Euler.321.B,,,,,,,,,,,,,,,,,,,,,,,,,,,,,,,,,,,
,,,,,,,,,,,,,,,,,,,,,,,,,,,,,,,,,,,,,,,,,Attitude(Parent) > Euler.321.B Rate,,,,,,,,,,,,,,,,,,,,,,,,,,,,,,,,,,,
,,,,,,,,,,,,,,,,,,,,,,,,,,,,,,,,,,,,,,,,,Attitude(Parent) > Euler.321.C,,,,,,,,,,,,,,,,,,,,,,,,,,,,,,,,,,,
,,,,,,,,,,,,,,,,,,,,,,,,,,,,,,,,,,,,,,,,,Attitude(Parent) > Euler.321.C Rate,,,,,,,,,,,,,,,,,,,,,,,,,,,,,,,,,,,
,,,,,,,,,,,,,,,,,,,,,,,,,,,,,,,,,,,,,,,,,Attitude(Parent) > Euler.323.A,,,,,,,,,,,,,,,,,,,,,,,,,,,,,,,,,,,
,,,,,,,,,,,,,,,,,,,,,,,,,,,,,,,,,,,,,,,,,Attitude(Parent) > Euler.323.A Rate,,,,,,,,,,,,,,,,,,,,,,,,,,,,,,,,,,,
,,,,,,,,,,,,,,,,,,,,,,,,,,,,,,,,,,,,,,,,,Attitude(Parent) > Euler.323.B,,,,,,,,,,,,,,,,,,,,,,,,,,,,,,,,,,,
,,,,,,,,,,,,,,,,,,,,,,,,,,,,,,,,,,,,,,,,,Attitude(Parent) > Euler.323.B Rate,,,,,,,,,,,,,,,,,,,,,,,,,,,,,,,,,,,
,,,,,,,,,,,,,,,,,,,,,,,,,,,,,,,,,,,,,,,,,Attitude(Parent) > Euler.323.C,,,,,,,,,,,,,,,,,,,,,,,,,,,,,,,,,,,
,,,,,,,,,,,,,,,,,,,,,,,,,,,,,,,,,,,,,,,,,Attitude(Parent) > Euler.323.C Rate,,,,,,,,,,,,,,,,,,,,,,,,,,,,,,,,,,,
,,,,,,,,,,,,,,,,,,,,,,,,,,,,,,,,,,,,,,,,,Attitude(Parent) > DCM.XX,,,,,,,,,,,,,,,,,,,,,,,,,,,,,,,,,,,
,,,,,,,,,,,,,,,,,,,,,,,,,,,,,,,,,,,,,,,,,Attitude(Parent) > DCM.XX Rate,,,,,,,,,,,,,,,,,,,,,,,,,,,,,,,,,,,
,,,,,,,,,,,,,,,,,,,,,,,,,,,,,,,,,,,,,,,,,Attitude(Parent) > DCM.XY,,,,,,,,,,,,,,,,,,,,,,,,,,,,,,,,,,,
,,,,,,,,,,,,,,,,,,,,,,,,,,,,,,,,,,,,,,,,,Attitude(Parent) > DCM.XY Rate,,,,,,,,,,,,,,,,,,,,,,,,,,,,,,,,,,,
,,,,,,,,,,,,,,,,,,,,,,,,,,,,,,,,,,,,,,,,,Attitude(Parent) > DCM.XZ,,,,,,,,,,,,,,,,,,,,,,,,,,,,,,,,,,,
,,,,,,,,,,,,,,,,,,,,,,,,,,,,,,,,,,,,,,,,,Attitude(Parent) > DCM.XZ Rate,,,,,,,,,,,,,,,,,,,,,,,,,,,,,,,,,,,
,,,,,,,,,,,,,,,,,,,,,,,,,,,,,,,,,,,,,,,,,Attitude(Parent) > DCM.YX,,,,,,,,,,,,,,,,,,,,,,,,,,,,,,,,,,,
,,,,,,,,,,,,,,,,,,,,,,,,,,,,,,,,,,,,,,,,,Attitude(Parent) > DCM.YX Rate,,,,,,,,,,,,,,,,,,,,,,,,,,,,,,,,,,,
,,,,,,,,,,,,,,,,,,,,,,,,,,,,,,,,,,,,,,,,,Attitude(Parent) > DCM.YY,,,,,,,,,,,,,,,,,,,,,,,,,,,,,,,,,,,
,,,,,,,,,,,,,,,,,,,,,,,,,,,,,,,,,,,,,,,,,Attitude(Parent) > DCM.YY Rate,,,,,,,,,,,,,,,,,,,,,,,,,,,,,,,,,,,
,,,,,,,,,,,,,,,,,,,,,,,,,,,,,,,,,,,,,,,,,Attitude(Parent) > DCM.YZ,,,,,,,,,,,,,,,,,,,,,,,,,,,,,,,,,,,
,,,,,,,,,,,,,,,,,,,,,,,,,,,,,,,,,,,,,,,,,Attitude(Parent) > DCM.YZ Rate,,,,,,,,,,,,,,,,,,,,,,,,,,,,,,,,,,,
,,,,,,,,,,,,,,,,,,,,,,,,,,,,,,,,,,,,,,,,,Attitude(Parent) > DCM.ZX,,,,,,,,,,,,,,,,,,,,,,,,,,,,,,,,,,,
,,,,,,,,,,,,,,,,,,,,,,,,,,,,,,,,,,,,,,,,,Attitude(Parent) > DCM.ZX Rate,,,,,,,,,,,,,,,,,,,,,,,,,,,,,,,,,,,
,,,,,,,,,,,,,,,,,,,,,,,,,,,,,,,,,,,,,,,,,Attitude(Parent) > DCM.ZY,,,,,,,,,,,,,,,,,,,,,,,,,,,,,,,,,,,
,,,,,,,,,,,,,,,,,,,,,,,,,,,,,,,,,,,,,,,,,Attitude(Parent) > DCM.ZY Rate,,,,,,,,,,,,,,,,,,,,,,,,,,,,,,,,,,,
,,,,,,,,,,,,,,,,,,,,,,,,,,,,,,,,,,,,,,,,,Attitude(Parent) > DCM.ZZ,,,,,,,,,,,,,,,,,,,,,,,,,,,,,,,,,,,
,,,,,,,,,,,,,,,,,,,,,,,,,,,,,,,,,,,,,,,,,Attitude(Parent) > DCM.ZZ Rate,,,,,,,,,,,,,,,,,,,,,,,,,,,,,,,,,,,
,,,,,,,,,,,,,,,,,,,,,,,,,,,,,,,,,,,,,,,,,Attitude(Parent) > AngleAxis.X,,,,,,,,,,,,,,,,,,,,,,,,,,,,,,,,,,,
,,,,,,,,,,,,,,,,,,,,,,,,,,,,,,,,,,,,,,,,,Attitude(Parent) > AngleAxis.X Rate,,,,,,,,,,,,,,,,,,,,,,,,,,,,,,,,,,,
,,,,,,,,,,,,,,,,,,,,,,,,,,,,,,,,,,,,,,,,,Attitude(Parent) > AngleAxis.Y,,,,,,,,,,,,,,,,,,,,,,,,,,,,,,,,,,,
,,,,,,,,,,,,,,,,,,,,,,,,,,,,,,,,,,,,,,,,,Attitude(Parent) > AngleAxis.Y Rate,,,,,,,,,,,,,,,,,,,,,,,,,,,,,,,,,,,
,,,,,,,,,,,,,,,,,,,,,,,,,,,,,,,,,,,,,,,,,Attitude(Parent) > AngleAxis.Z,,,,,,,,,,,,,,,,,,,,,,,,,,,,,,,,,,,
,,,,,,,,,,,,,,,,,,,,,,,,,,,,,,,,,,,,,,,,,Attitude(Parent) > AngleAxis.Z Rate,,,,,,,,,,,,,,,,,,,,,,,,,,,,,,,,,,,
,,,,,,,,,,,,,,,,,,,,,,,,,,,,,,,,,,,,,,,,,Attitude(Parent) > AngleAxis.RotationAngle,,,,,,,,,,,,,,,,,,,,,,,,,,,,,,,,,,,
,,,,,,,,,,,,,,,,,,,,,,,,,,,,,,,,,,,,,,,,,Attitude(Parent) > AngleAxis.RotationAngle Rate,,,,,,,,,,,,,,,,,,,,,,,,,,,,,,,,,,,
